Indicador de registro,Transacción,Documento,Noticia,Ciudad,Encargo,Año,Monto a pagar,Pagador,Beneficiario ,Compañía,Fuentes para la generación del dato,Códigos documentos,Ración diaria,Días de ración en un año,Pago por representación,Número de representaciones  por año ,Número estimado de representaciones por año
CS-1,Tra-2,"[Doc. 1] Escritura, fechada en Toledo el 18 de enero de 1603, por la cual Pedro de Valdés y Antonio Granados conforman  una compañía de dos años:  del Carnaval de 1603 hasta el Carnaval de 1605.",En el concierto se dice que cada uno de ellos recibiría por representación 4 reales de la caja de la compañía. ,Toledo,Cumplir su función de autores de la compañía,1603,4 reales cada uno [por representación],Antonio Granados y Pedro de Valdés,Antonio Granados y Pedro de Valdés,AG-PV,"Información ubicada en DICAT; DICAT extrae el dato de San Román (1935, pp. 71-76).",[Doc. 1],,,4,,
CS-2,Tra-5,"[Doc. 2] Escritura, fechada en Toledo el 12 de febrero de 1603, por la cual Simón Gutiérrez, vecino de Toledo, se compromete a representar por dos años en la compañía de Antonio Granados y Pedro de Valdés. ","En la escritura se dice que Simón Gutiérrez tiene que representar lo que se le ordenara y viajar a donde se le ordenara. Se le pagaría: 10 reales por cada representación, 3 reales de ración diaria, y por el Corpus Christi ""lo acostumbrado"". La compañía cubriría sus gastos de viajes. ",Toledo,Representar lo que se le ordenara y viajar a donde se le ordenara,1603,10 reales [por representación]; 3 reales [ración diaria]; paga especial por Corpus Christi [sin especificar]; gastos de viajes,Antonio Granados y Pedro de Valdés,Simón Gutiérrez,AG-PV,"Información ubicada en DICAT; DICAT extrae el dato de San Román (1935, p. 80).",[Doc. 2],3,,10,,
CS-3,Tra-6,"[Doc. 3] Escritura, fechada en Toledo el 12 de febrero de 1603, por la cual Francisco de Ribera, vecino de Sevilla, se compromete a representar por dos años en la compañía de Antonio de Granados y Pedro de Valdés. ","En la escritura se dice que Francisco de Ribera debe representar: “todas las comedias, entremeses y artes sin límite alguno”. Se le pagaría: 11 reales por cada representación, 4 reales de ración diaria, y por el Corpus Christi “lo acostumbrado”. La compañía cubriría sus gastos de viajes.",Toledo,"Representar “todas las comedias, entremeses y artes sin límite alguno”",1603,11 reales [por representación]; 4 reales [ración diaria]; paga especial por Corpus Christi [sin especificar]; gastos de viajes,Antonio Granados y Pedro de Valdés,Francisco de Ribera,AG-PV,"Información ubicada en DICAT; DICAT extrae el dato de San Román (1935, p. 81).",[Doc. 3],4,,11,,
CS-4,Tra-7,"[Doc. 4] Escritura, fechada en Toledo el 12 de febrero de 1603, por la cual Cristóbal López, vecino de Madrid, se compromete a trabajar por dos años en la compañía de Antonio de Granados y Pedro de Valdés. ","En la escritura se dice que Cristóbal López debe trabajar “haciendo los teatros y todo lo que más se me ordenare tocante a las representaciones y guardando el hato de manera que no falte cosa alguna”. López asegura que dará cuenta de todo a Pedro de Valdés y que, si faltara algo, él mismo pagará su valor. Se le pagaría: 3 reales por cada representación, 3 reales de ración diaria, y por el Corpus Christi “lo acostumbrado”. La compañía cubriría sus gastos de viajes.",Toledo,Trabajar “haciendo los teatros y todo lo que más se me ordenare tocante a las representaciones y guardando el hato de manera que no falte cosa alguna”,1603,3 reales [por representación]; 3 reales [ración diaria]; paga especial por Corpus Christi [sin especificar]; gastos de viajes,Antonio Granados y Pedro de Valdés,Cristóbal López,AG-PV,"Información ubicada en DICAT; DICAT extrae el dato de San Román (1935, pp. 81-82).",[Doc. 4],3,,3,,
CS-5,Tra-8,"[Doc. 5] Escritura, fechada en Toledo el 12 de febrero de 1603, por la cual Andrés de Lastra, vecino de Murcia, se compromete a representar por un año en la compañía de Antonio de Granados y Pedro de Valdés. Es decir, trabajaría en la compañía desde la firma de este contrato hasta el Carnaval de 1604. ","En la escritura se dice que Andrés de Lastra debe representar en “todas representaciones, comedias y entremeses públicas y secretas” que le ordenaran y viajar a donde le ordenaran. Se le pagaría: 11 reales por cada representación, 4 reales de ración diaria, y por el Corpus Christi “lo acostumbrado”. La compañía cubriría sus gastos de viajes.",Toledo,"Representar en “todas representaciones, comedias y entremeses públicas y secretas” que le ordenaran y viajar a donde le ordenaran",1603,11 reales [por representación]; 4 reales [ración diaria]; paga especial por Corpus Christi [sin especificar]; gastos de viajes,Antonio Granados y Pedro de Valdés,Andrés de Lastra,AG-PV,"Información ubicada en DICAT; DICAT extrae el dato de San Román (1935, p. 82).",[Doc. 5],4,,11,,
CS-6,Tra-9,"[Doc. 6] Escritura, fechada en Toledo el 13 de febrero de 1603, por la cual Antonio de Esquivel, vecino de Zaragoza, se compromete a representar por dos años en la compañía de Antonio de Granados y Pedro de Valdés. ","En la escritura se dice que Antonio de Esquivel se compromete a representar en ""todas las representaciones y entremeses y comedias públicas e secretas y en todas las partes que me ordenare"". Se le pagaría: 8 reales por cada representación, 3 reales de ración diaria, y por el Corpus Christi “lo acostumbrado”. La compañía cubriría sus gastos de viajes.",Toledo,"Representar en ""todas las representaciones y entremeses y comedias públicas e secretas y en todas las partes que me ordenare""",1603,8 reales [por representación]; 3 reales [ración diaria]; paga especial por Corpus Christi [sin especificar]; gastos de viajes,Antonio Granados y Pedro de Valdés,Antonio de Esquivel,AG-PV,"Información ubicada en DICAT; DICAT extrae el dato de San Román (1935, pp. 82-83).",[Doc. 6],3,,8,,
CS-7,Tra-10,"[Doc. 7] Escritura, fechada en Toledo el 14 de febrero de 1603, por la cual Andrés Rodríguez, vecino de Toledo, se compromete a representar por dos años en la compañía de Antonio de Granados y Pedro de Valdés. ","En la escritura se dice que Andrés Rodríguez se compromete a representar “de simple, y de todo lo demás que se me ordenare en todas las comedias y entremeses, públicos y secretos, e partes que me ordenare"". Se le pagaría: 8 reales por cada representación el primer año y 10 reales el segundo año, 3 reales de ración diaria, y por el Corpus Christi “lo acostumbrado”. La compañía cubriría sus gastos de viajes.",Toledo,"Representar “de simple, y de todo lo demás que se me ordenare en todas las comedias y entremeses, públicos y secretos, e partes que me ordenare""",1603,"8 reales [por representación el primer año], 9 reales [por representación el segundo año]; 3 reales [ración diaria]; paga especial por Corpus Christi [sin especificar]; gastos de viajes",Antonio Granados y Pedro de Valdés,Andrés Rodríguez,AG-PV,"Información ubicada en DICAT; DICAT extrae el dato de San Román (1935, p. 83).",[Doc. 7],3,,"8 [año 1], 9 [año 2]",,
CS-8,Tra-11,"[Doc. 8] Escritura, fechada en Toledo el 14 de febrero de 1603, por la cual Dionisio Vázquez, vecino de Andújar, mayor de 25 años, se compromete a representar por dos años en la compañía de Antonio de Granados y Pedro de Valdés. ","En la escritura se dice que Dionisio Vázquez se compromete a representar  en “todas las comedias y entremeses, públicos y secretos, y sirviendo y haciendo todo lo demás que se me ordenare, y haciendo carteles, y yendo a todas las partes que fuere la compañía"". Se le pagaría: 5 reales por cada representación el primer año y 6 reales el segundo año, 3 reales de ración diaria, y por el Corpus Christi “lo acostumbrado”. La compañía cubriría sus gastos de viajes.",Toledo,"Representar en “todas las comedias y entremeses, públicos y secretos, y sirviendo y haciendo todo lo demás que se me ordenare, y haciendo carteles, y yendo a todas las partes que fuere la compañía""",1603,"5 reales [por representación el primer año], 6 reales [por representación el segundo año]; 3 reales [ración diaria]; paga especial por Corpus Christi [sin especificar]; gastos de viajes",Antonio Granados y Pedro de Valdés,Dionisio Vázquez,AG-PV,"Información ubicada en DICAT; DICAT extrae el dato de San Román (1935, p. 84).",[Doc. 8],3,,"5 [año 1], 6 [año 2]",,
CS-9,Tra-12,"[Doc. 9] Escritura, fechada en Toledo el 22 de febrero de 1603, por la cual Juan de Arguello, vecino de Valladolid, se compromete y compromete a su mujer, María Gutiérrez, a representar por dos años en la compañía de Antonio de Granados y Pedro de Valdés. ","En la escritura se dice que Juan de Arguello se compromete y compromete a su mujer, María Gutiérrez, a representar en “todas las comedias y entremeses y representaciones que hiciere [la compañía] en cualesquier partes públicas o secretas”. Se pagaría a la pareja: 14 reales por cada representación, 6 reales de ración diaria. La compañía cubriría sus gastos de viajes. Juan de Arguello se compromete a que su mujer ratifique esta escritura.",Toledo,Representar en “todas las comedias y entremeses y representaciones que hiciere [la compañía] en cualesquier partes públicas o secretas”,1603,14 reales [por representación]; 6 reales [ración diaria]; gastos de viajes,Antonio Granados y Pedro de Valdés,Juan de Arguello y María Gutiérrez ,AG-PV,"Información ubicada en DICAT; DICAT extrae el dato de San Román (1935, pp. 87-88).",[Doc. 9],6 [2 personas],,14 [2 personas],,
CS-10,Tra-13,"Doc. 11] Escritura, fechada en Toledo el 21 de marzo de 1603, por la cual Juan de Corcha, vecino de Madrid, se compromete a trabajar por dos años en la compañía de Antonio de Granados y Pedro de Valdés. ","En la escritura se dice que Juan de Corcha se compromete a andar con la compañía “representando, y tañendo, y cantando y haciendo todo lo que se me ordenare en cualesquier representaciones, públicas o secretas, y en cualesquier partes"". Se le pagaría: 7 reales por cada representación el primer año y 8 reales el segundo año, 3 reales de ración diaria, y por el Corpus Christi “lo acostumbrado”. La compañía cubriría sus gastos de viajes. En la escritura se especifica también que Juan de Corcha ha cobrado a cuenta 1230 reales en forma de ""partidas que por mí ha pagado [Pedro de Valdés] de vestidos que ha sacado y ha pagado por mí y dádome"". Corcha se compromete a compensar el pago a cuenta con lo que le correspondería de las primeras representaciones de la compañía.    ",Toledo,"Trabajar en la compañía “representando, y tañendo, y cantando y haciendo todo lo que se me ordenare en cualesquier representaciones, públicas o secretas, y en cualesquier partes""",1603,"7 reales [por representación el primer año], 8 reales [por representación el segundo año]; 3 reales [ración diaria]; paga especial por Corpus Christi [sin especificar]; gastos de viajes",Antonio Granados y Pedro de Valdés,Juan de Corcha,AG-PV,"Información ubicada en DICAT; DICAT extrae el dato de San Román (1935, pp. 84-85).",[Doc. 11],3,,"7 [año 1], 8 [año 2]",,
CS-11,Tra-14,"[Doc. 12] Escritura, fechada en Toledo el 21 de marzo de 1603, por la cual Gabriel de Acevedo, vecino de Lisboa, se compromete a trabajar por dos años en la compañía de Antonio de Granados y Pedro de Valdés. ","En la escritura, Gabriel de Acevedo se compromete a andar con la compañía “tañendo y cantando en todas las comedias y representaciones que hicieren, públicas o secretas, en cualesquier partes, representando e haciendo todo lo que se me ordenare"". Se le pagaría: 7 reales por cada representación el primer año y 8 reales el segundo año, 3 reales de ración diaria, y por el Corpus Christi “lo acostumbrado”. La compañía cubriría sus gastos de viajes. En la escritura se especifica también que Gabriel de Acevedo ha cobrado a cuenta 984 reales en forma de ""dos vestidos que [Pedro de Valdés] me ha pagado en dineros”. Es decir, Pedro de Valdés ha comprado vestidos para Acevedo. Este se compromete a compensar el pago a cuenta con lo que le correspondería de las primeras representaciones de la compañía.    ",Toledo,"Trabajar en la compañía “tañendo y cantando en todas las comedias y representaciones que hicieren, públicas o secretas, en cualesquier partes, representando e haciendo todo lo que se me ordenare” ",1603,"7 reales [por representación el primer año], 8 reales [por representación el segundo año]; 3 reales [ración diaria]; paga especial por Corpus Christi [sin especificar]; gastos de viajes",Antonio Granados y Pedro de Valdés,Gabriel de Acevedo,AG-PV,"Información ubicada en DICAT; DICAT extrae el dato de San Román (1935, pp. 88-89).",[Doc. 12],3,,"7 [año 1], 8 [año 2]",,
CS-12,Tra-17,"[Doc. 13] Escritura, fechada en Sevilla el 29 de febrero de 1600, por la cual Gonzalo de Alarcón, Alonso de Riquelme, Micaela de Gadea (esposa de Alonso de Riquelme), Miguel del Rosal Ríos, María de Castrillo (esposa de Miguel del Rosal Ríos), Bartolomé de Torres y Luis de Ávila se conciertan para formar una compañía por un año: desde la fecha hasta el Carnaval de 1601. Ninguna de las fuentes dice nada al respecto, pero parece que esta compañía se disuelve poco después de su creación pues Gonzalo de Alarcón firma otro concierto de compañía en Sevilla el 14 de marzo ver: [Doc.14]. ","En el concierto se dice que se pagará a Gonzalo de Alarcón y  Antolina Rodríguez: 16 reales por cada representación y 5 reales de ración diaria. Antolina Rodríguez es costurera y, en este mismo concierto, se decide que cada día de representación se le pague 6 reales por los vestidos que ella cedería a la compañía, además, se decide que  se encargue de los vestidos del Corpus. —Según se indica en las fuentes, el documento original contendría detalles sobre los vestuarios que no se llegan a recabar.",Sevilla,"Gonzalo de Alarcón hace de autor de comedias, probablemente de actor y tiene en su poder la caja de la compañía. Antolina Rodríguez, su esposa, es la encargada de vestuarios. ",1600,"22 reales [por representación, los 16 estipulados inicialmente más los 6 que se pagaría a Antolina Rodríguez por el vestuario]; 5 reales [ración diaria]","Gonzalo de Alarcón, Alonso de Riquelme y Miguel del Rosal Ríos",Gonzalo de Alarcón y Antolina Rodríguez,GA-AR-MR,"Información ubicada en DICAT; DICAT extrae el dato de Rodríguez Marín (1914, pp. 172-173).",[Doc. 13],5,,22  [2 personas],,
CS-13,Tra-18,"[Doc. 13] Escritura, fechada en Sevilla el 29 de febrero de 1600, por la cual Gonzalo de Alarcón, Alonso de Riquelme, Micaela de Gadea (esposa de Alonso de Riquelme), Miguel del Rosal Ríos, María de Castrillo (esposa de Miguel del Rosal Ríos), Bartolomé de Torres y Luis de Ávila se conciertan para formar una compañía por un año: desde la fecha hasta el Carnaval de 1601. Ninguna de las fuentes dice nada al respecto, pero parece que esta compañía se disuelve poco después de su creación pues Gonzalo de Alarcón firma otro concierto de compañía en Sevilla el 14 de marzo ver: [Doc.14]. ",En el concierto se dice que se pagará a Alonso de Riquelme y  Micaela de Gadea: 14 reales por cada representación y 5 reales de ración diaria. ,Sevilla,"Alonso de Riquelme hace de autor de comedias, probablemente de actor y tiene en su poder una de las llaves de la caja de la compañía. Micaela de Gadea actúa en la compañía. ",1600,14 reales [por representación]; 5 reales [ración diaria],"Gonzalo de Alarcón, Alonso de Riquelme y Miguel del Rosal Ríos",Alonso de Riquelme y Micaela Gadea,GA-AR-MR,"Información ubicada en DICAT; DICAT extrae el dato de Rodríguez Marín (1914, pp. 172-173).",[Doc. 13],5 [2 personas],,14 [2 personas],,
CS-14,Tra-19,"[Doc. 13] Escritura, fechada en Sevilla el 29 de febrero de 1600, por la cual Gonzalo de Alarcón, Alonso de Riquelme, Micaela de Gadea (esposa de Alonso de Riquelme), Miguel del Rosal Ríos, María de Castrillo (esposa de Miguel del Rosal Ríos), Bartolomé de Torres y Luis de Ávila se conciertan para formar una compañía por un año: desde la fecha hasta el Carnaval de 1601. Ninguna de las fuentes dice nada al respecto, pero parece que esta compañía se disuelve poco después de su creación pues Gonzalo de Alarcón firma otro concierto de compañía en Sevilla el 14 de marzo ver: [Doc.14]. ",En el concierto se dice que se pagará a Miguel del Rosal Ríos y María de Castrillo: 16 reales por cada representación y 5 reales de ración diaria. ,Sevilla,"Miguel del Rosal Ríos hace de autor de comedias, probablemente de actor y tiene en su poder una de las llaves de la caja de la compañía. María de Castrillo actúa en la compañía. ",1600,16 reales [por representación]; 5 reales [ración diaria],"Gonzalo de Alarcón, Alonso de Riquelme y Miguel del Rosal Ríos",Miguel del Rosal Ríos y María del Castrillo,GA-AR-MR,"Información ubicada en DICAT; DICAT extrae el dato de Rodríguez Marín (1914, pp. 172-173).",[Doc. 13],5 [2 personas],,16 [2 personas],,
CS-15,Tra-20,"[Doc. 13] Escritura, fechada en Sevilla el 29 de febrero de 1600, por la cual Gonzalo de Alarcón, Alonso de Riquelme, Micaela de Gadea (esposa de Alonso de Riquelme), Miguel del Rosal Ríos, María de Castrillo (esposa de Miguel del Rosal Ríos), Bartolomé de Torres y Luis de Ávila se conciertan para formar una compañía por un año: desde la fecha hasta el Carnaval de 1601. Ninguna de las fuentes dice nada al respecto, pero parece que esta compañía se disuelve poco después de su creación pues Gonzalo de Alarcón firma otro concierto de compañía en Sevilla el 14 de marzo ver: [Doc.14]. ","En el concierto se dice que se pagará a Bartolomé de Torres: 10 reales por cada representación y 2,5 reales de ración diaria.",Sevilla,Trabajar en la compañía,1600,"10 reales [por representación]; 2,5 reales [ración diaria]","Gonzalo de Alarcón, Alonso de Riquelme y Miguel del Rosal Ríos",Bartolomé de Torres,GA-AR-MR,"Información ubicada en DICAT; DICAT extrae el dato de Rodríguez Marín (1914, pp. 172-173).",[Doc. 13],"2,5",,10,,
CS-16,Tra-21,"[Doc. 13] Escritura, fechada en Sevilla el 29 de febrero de 1600, por la cual Gonzalo de Alarcón, Alonso de Riquelme, Micaela de Gadea (esposa de Alonso de Riquelme), Miguel del Rosal Ríos, María de Castrillo (esposa de Miguel del Rosal Ríos), Bartolomé de Torres y Luis de Ávila se conciertan para formar una compañía por un año: desde la fecha hasta el Carnaval de 1601. Ninguna de las fuentes dice nada al respecto, pero parece que esta compañía se disuelve poco después de su creación pues Gonzalo de Alarcón firma otro concierto de compañía en Sevilla el 14 de marzo ver: [Doc.14]. ","En el concierto se dice que se pagará a  Luis de Ávila: 7 reales por cada representación y 2,5 reales de ración diaria. ",Sevilla,Trabajar en la compañía,1600,"7 reales [por representación]; 2,5 reales [ración diaria]","Gonzalo de Alarcón, Alonso de Riquelme y Miguel del Rosal Ríos",Luis de Ávila,GA-AR-MR,"Información ubicada en DICAT; DICAT extrae el dato de Rodríguez Marín (1914, pp. 172-173).",[Doc. 13],"2,5",,7,,
CS-17,Tra-22,"[Doc. 14] Escritura, fechada en Sevilla el 14 de marzo de 1600, por la cual Gonzalo de Alarcón, Antolina Rodríguez (esposa de Gonzalo de Alarcón), Juan Ramírez y Ana Manrique (esposa de Juan Ramírez) se conciertan para formar una compañía por un año: desde la fecha hasta el Carnaval de 1601. ","En el concierto se dice que se contrataría al resto de los miembros de la compañía y que se les pagaría a partes iguales; a su vez, se señala que los ensayos se realizarán alternadamente en la casa de los dos autores. Se define como pena en caso de incumplimiento de responsabilidades: 200 ducados (2200 reales). —las fuentes señalan que en el documento original se indica que la compañía tendrá caja de dos llaves, pero no se dice más. Podemos asumir que cada uno de los dos autores debía llevar una de las dos llaves. ",Sevilla,Trabajar en la compañía,1600,Se pagará el mismo monto a todos los miembros que contrate la compañía. ,Gonzalo de Alarcón y Juan Ramírez,Todos los miembros de la compañía,GA-JR,"Información ubicada en DICAT; DICAT extrae el dato de Bolaños Donoso (2022, p. 100).",[Doc. 14],No establecido,,No establecido ,,
CS-18,Tra-24,"[Doc. 32] Escritura, fechada en Badajoz el 13 de marzo de 1601, por la cual Bernaldino Sarmiento y su hijo pasan a formar parte de la compañía de Gonzalo de Alarcón por todo un año: hasta el Carnaval de 1602. — las fuentes no señalan el nombre del hijo de Bernaldino de Sarmiento.","En la escritura se dice que se pagará a Bernaldino de Sarmiento: 5,5 reales por representación, 5 reales de ración diaria y 5,5 ducados (60,5 reales) el día del Corpus. Se define como pena en caso de incumplimiento de responsabilidades para Bernaldino de Sarmiento: 50 ducados (550 reales). ",Badajoz,Trabajar en la compañía,1601,"5,5 reales [por representación]; 5 reales [ración diaria]; 60,5 reales [paga especial de Corpus Christi]",Gonzalo de Alarcón,Bernaldino Sarmiento e hijo,GA,"Información ubicada en DICAT; DICAT extrae el dato de Marcos  Álvarez (1997, pp. 113-114).",[Doc. 32],5 [2 personas],,"5,5 [2 personas]",,
CS-19,Tra-26,"[Doc. 34] Escritura, fechada en Sevilla el 19 de noviembre de 1605, por la cual Juan de Arteaga, Ana María de la Peña (esposa de Juan de Arteaga), Juan Osorio, Juana de Sigura (esposa de Juan de Osorio), Antonio Amoroso y María Hurtado (esposa de Antonio Amoroso), conforman una compañía por dos años, desde el Carnaval de 1606 hasta el Carnaval de 1608. ","En la escritura se dice que se pagará a Juan de Arteaga y Ana María de la Peña: 24 reales por representación y 8 reales de ración diaria. Juan de Arteaga y Ana María se comprometen a salir representando, tocando o bailando en todas las comedias que presente la compañía, tanto en casas privadas, como en teatros de Sevilla o de otros lugares de España. A esto hay que sumarle la labor de autor de Juan de Arteaga.  ",Sevilla,"El matrimonio se compromete a  salir representando, tocando o bailando en todas las comedias que presente la compañía, tanto en casas privadas, como en teatros de Sevilla o de otros lugares de España. A esto hay que sumarle la labor de autor de Juan de Arteaga.  ",1605,24 reales [por representación]; 8 reales [ración diaria],"Juan de Arteaga, Juan Osorio y Antonio Amoroso",Juan de Arteaga y Ana María de la Peña ,JA-JO-AA,"Información ubicada en DICAT; DICAT extrae el dato de Rodríguez Marín (1914, p. 178).",[Doc. 34],8 [2 personas],,24 [2 personas],,
CS-20,Tra-27,"[Doc. 34] Escritura, fechada en Sevilla el 19 de noviembre de 1605, por la cual Juan de Arteaga, Ana María de la Peña (esposa de Juan de Arteaga), Juan Osorio, Juana de Sigura (esposa de Juan de Osorio), Antonio Amoroso y María Hurtado (esposa de Antonio Amoroso), conforman una compañía por dos años, desde el Carnaval de 1606 hasta el Carnaval de 1608. ","En la escritura se dice que se pagará a Juan de Osorio y Juana de Sigura: 22 reales por representación y 8 reales de ración diaria. Juan de Osorio y Juana de Sigura se comprometen a salir representando, tocando o bailando en todas las comedias que presente la compañía, tanto en casas privadas, como en teatros de Sevilla o de otros lugares de España. A esto hay que sumarle la labor de autor de Juan de Osorio.  ",Sevilla,"El matrimonio se compromete a  salir representando, tocando o bailando en todas las comedias que presente la compañía, tanto en casas privadas, como en teatros de Sevilla o de otros lugares de España. A esto hay que sumarle la labor de autor de Juan de Osorio.  ",1605,22 reales [por representación]; 8 reales [ración diaria],"Juan de Arteaga, Juan Osorio y Antonio Amoroso",Juan de Osorio y Juana de Sigura,JA-JO-AA,"Información ubicada en DICAT; DICAT extrae el dato de Rodríguez Marín (1914, p.178).",[Doc. 34],8 [2 personas],,22 [2 personas],,
CS-21,Tra-28,"[Doc. 34] Escritura, fechada en Sevilla el 19 de noviembre de 1605, por la cual Juan de Arteaga, Ana María de la Peña (esposa de Juan de Arteaga), Juan Osorio, Juana de Sigura (esposa de Juan de Osorio), Antonio Amoroso y María Hurtado (esposa de Antonio Amoroso), conforman una compañía por dos años, desde el Carnaval de 1606 hasta el Carnaval de 1608. ","En la escritura se dice que se pagará a Antonio Amoroso y María Hurtado: 23 reales por representación y 7 reales de ración diaria. María Hurtado se compromete a salir representando, tocando o bailando en todas las comedias que presente la compañía, tanto en casas privadas, como en teatros de Sevilla o de otros lugares de España. Antonio Amoroso, en cambio, se compromete a gestionar todo lo necesario para el buen funcionamiento de las comedias y a realizar las cobranzas. ",Sevilla,"María Hurtado se compromete a salir representando, tocando o bailando en todas las comedias que presente la compañía, tanto en casas privadas, como en teatros de Sevilla o de otros lugares de España. Antonio Amoroso, en cambio, se compromete a gestionar todo lo necesario para el buen funcionamiento de las comedias y a realizar las cobranzas. ",1605,23 reales [por representación]; 7 reales [ración diaria],"Juan de Arteaga, Juan Osorio y Antonio Amoroso",Antonio Amoroso y María Hurtado,JA-JO-AA,"Información ubicada en DICAT; DICAT extrae el dato de Rodríguez Marín (1914, p. 178).",[Doc. 34],7 [2 personas],,23 [2 personas],,
CS-22,Tra-30,"[Doc. 35] Escritura, fechada en Sevilla el 22 de noviembre de 1605, por la cual pedro de España se compromete a representar por dos años, del Carnaval de 1606 al Carnaval de 1608, en la compañía de Juan de Arteaga, Juan Osorio y Antonio Amoroso. ­–Juan de Arteaga tiene poder otorgado por los otros dos autores de comedias para contratar a los demás miembros de la compañía.",En la escritura se dice que se pagará a Pedro España: 6 reales por representación y 3 reales de ración diaria. ,Sevilla,Representar en la compañía,1605,6 reales [por representación]; 3 reales [ración diaria],"Juan de Arteaga, Juan Osorio y Antonio Amoroso",Pedro España,JA-JO-AA,"Información ubicada en DICAT; DICAT extrae el dato de Rodríguez Marín (1914, p. 179).",[Doc. 35],3,,6,,
CS-23,Tra-31,"[Doc. 36] Escritura, fechada en Sevilla el 22 de noviembre de 1605, por la cual Sebastián Sereno se compromete a representar por dos años, del Carnaval de 1606 al Carnaval de 1608, en la compañía de Juan de Arteaga, Juan Osorio y Antonio Amoroso. – Juan de Arteaga tiene poder otorgado por los otros dos autores de comedias para contratar a los demás miembros de la compañía. ",En la escritura se dice que se pagará a Sebastián Sereno: 6 reales por representación y 3 reales de ración diaria. ,Sevilla,Representar en la compañía,1605,6 reales [por representación]; 3 reales [ración diaria],"Juan de Arteaga, Juan Osorio y Antonio Amoroso",Sebastián Sereno,JA-JO-AA,"Información ubicada en DICAT; DICAT extrae el dato de Rodríguez Marín (1914, p. 179).",[Doc. 36],3,,7,,
CS-24,Tra-32,"[Doc. 37] Escritura, fechada en Sevilla el 22 de noviembre de 1605, por la cual Andrés de Arce se compromete a representar por un año, del Carnaval de 1606 al Carnaval de 1607, en la compañía de Juan de Arteaga, Juan Osorio y Antonio Amoroso. – Juan de Arteaga tiene poder otorgado por los otros dos autores de comedias para contratar a los demás miembros de la compañía.","En la escritura se dice que se pagará a Andrés de Arce: 9 reales por representación y 3 reales de ración diaria. Además, Juan de Arteaga, en nombre de la compañía, asegura a Andrés de Arce que a lo largo del año se harán por lo menos 250 representaciones y se compromete a que, si se hicieran menos, le pagarían la diferencia. Esto significa que, mínimamente, a lo largo del año, se pagaría a Andrés de Arce 3000 reales (12 reales multiplicados por 250 representaciones).  ",Sevilla,Representar en la compañía,1605,"9 reales [por representación]; 3 reales [ración diaria]. Se le asegura un mínimo de 250 representaciones del Carnaval de 1606 al Carnaval de 1607, es decir, de 3000 reales en un año. ","Juan de Arteaga, Juan Osorio y Antonio Amoroso",Andrés de Arce,JA-JO-AA,"Información ubicada en DICAT; DICAT extrae el dato de Rodríguez Marín (1914, p. 179).",[Doc. 37],3,,9,,
CS-25,Tra-33,"[Doc. 38] Escritura, fechada en Sevilla el 20 de febrero de 1606, por la cual Tomás Fernández se compromete a representar por un año, del Carnaval de 1606 al Carnaval de 1607, en la compañía de Juan de Arteaga, Juan Osorio y Antonio Amoroso. ",En la escritura se dice que se pagará a Tomás Fernández: 9 reales por representación y 3 reales de ración diaria. ,Sevilla,Representar en la compañía,1605,"9 reales [por representación]; 3 reales [ración diaria]. Se le asegura un mínimo de 250 representaciones del Carnaval de 1606 al Carnaval de 1607, es decir, de 3000 reales en un año. ","Juan de Arteaga, Juan Osorio y Antonio Amoroso",Tomás Fernández ,JA-JO-AA,"Información ubicada en DICAT; DICAT extrae el dato de Rodríguez Marín (1914, p. 321).",[Doc. 38],3,,10,,
CS-26,Tra-47,"[Doc. 39] Escritura, fechada en Toro el 16 de diciembre de 1605, por la cual se conciertan en compañía: Gaspar de Porras, autor de comedias, Salvador de Ochoa, Marina de Avilés (esposa de Salvador Ochoa), Domingo Balbín, Isabel de Vérrez (esposa de Domingo Balbín), Bernardino Álvarez, Lorenzo Pérez, Francisco de Robles, Jerónimo del Barco, Pedro Cerezo de Guevara y Juan Pérez. La compañía duraría dos años, desde el Carnaval de 1606 hasta el Carnaval de 1608. –Según DICAT, la referencia a Marina de Avilés hecha por John Allen sería un error y el nombre adecuado sería Marina de Velasco. Según DICAT el nombre de Isabel Vérrez a veces figura como Isabel Bérriz.",En la escritura se dice que se pagará a Gaspar de Porras: 20 reales por representación y 8 reales de ración diaria.,Toro,Cumplir con sus funciones de autor y actor en la compañía,1605,20 reales [por representación]; 8 reales [ración diaria]. ,Gaspar de Porras,Gaspar de Porras,GP,"Información ubicada en DICAT; DICAT extrae el dato de John Allen  (1991, pp. 237-241). John Allen (1994), en el libro que publica junto con José María Ruano de la Haza, ofrece la ubicación exacta de este documento y, además, en los anexos, presenta la transcripción del mismo. El documento se encuentra en el Archivo Histórico de Zamora, Sección Notariales, signatura 3555. ",[Doc. 39],8,,20,,
CS-27,Tra-48,"[Doc. 39] Escritura, fechada en Toro el 16 de diciembre de 1605, por la cual se conciertan en compañía: Gaspar de Porras, autor de comedias, Salvador de Ochoa, Marina de Avilés (esposa de Salvador Ochoa), Domingo Balbín, Isabel de Vérrez (esposa de Domingo Balbín), Bernardino Álvarez, Lorenzo Pérez, Francisco de Robles, Jerónimo del Barco, Pedro Cerezo de Guevara y Juan Pérez. La compañía duraría dos años, desde el Carnaval de 1606 hasta el Carnaval de 1608. –Según DICAT, la referencia a Marina de Avilés hecha por John Allen sería un error y el nombre adecuado sería Marina de Velasco. Según DICAT el nombre de Isabel Vérrez a veces figura como Isabel Bérriz.",En la escritura se dice que se pagará a Salvador Ochoa y Marina de Avilés : 30 reales por representación y 8 reales de ración diaria.,Toro,Trabajar en la compañía,1605,30 reales [por representación]; 8 reales [ración diaria]. ,Gaspar de Porras,Salvador Ochoa y Marina de Avilés,GP,"Información ubicada en DICAT; DICAT extrae el dato de John Allen  (1991, pp. 237-241). John Allen (1994), en el libro que publica junto con José María Ruano de la Haza, ofrece la ubicación exacta de este documento y, además, en los anexos, presenta la transcripción del mismo. El documento se encuentra en el Archivo Histórico de Zamora, Sección Notariales, signatura 3555. ",[Doc. 39],8 [2 personas],,30 [2 personas],,
CS-28,Tra-49,"[Doc. 39] Escritura, fechada en Toro el 16 de diciembre de 1605, por la cual se conciertan en compañía: Gaspar de Porras, autor de comedias, Salvador de Ochoa, Marina de Avilés (esposa de Salvador Ochoa), Domingo Balbín, Isabel de Vérrez (esposa de Domingo Balbín), Bernardino Álvarez, Lorenzo Pérez, Francisco de Robles, Jerónimo del Barco, Pedro Cerezo de Guevara y Juan Pérez. La compañía duraría dos años, desde el Carnaval de 1606 hasta el Carnaval de 1608. –Según DICAT, la referencia a Marina de Avilés hecha por John Allen sería un error y el nombre adecuado sería Marina de Velasco. Según DICAT el nombre de Isabel Vérrez a veces figura como Isabel Bérriz.",En la escritura se dice que se pagará a Domingo Balbín e Isabel de Vérrez: 20 reales por representación y 8 reales de ración diaria.,Toro,Trabajar en la compañía,1605,20 reales [por representación]; 8 reales [ración diaria]. ,Gaspar de Porras,Domingo Balbín e Isabel de Vérrez,GP,"Información ubicada en DICAT; DICAT extrae el dato de John Allen  (1991, pp. 237-241). John Allen (1994), en el libro que publica junto con José María Ruano de la Haza, ofrece la ubicación exacta de este documento y, además, en los anexos, presenta la transcripción del mismo. El documento se encuentra en el Archivo Histórico de Zamora, Sección Notariales, signatura 3555. ",[Doc. 39],8 [2 personas],,20 [2 personas],,
CS-29,Tra-50,"[Doc. 39] Escritura, fechada en Toro el 16 de diciembre de 1605, por la cual se conciertan en compañía: Gaspar de Porras, autor de comedias, Salvador de Ochoa, Marina de Avilés (esposa de Salvador Ochoa), Domingo Balbín, Isabel de Vérrez (esposa de Domingo Balbín), Bernardino Álvarez, Lorenzo Pérez, Francisco de Robles, Jerónimo del Barco, Pedro Cerezo de Guevara y Juan Pérez. La compañía duraría dos años, desde el Carnaval de 1606 hasta el Carnaval de 1608. –Según DICAT, la referencia a Marina de Avilés hecha por John Allen sería un error y el nombre adecuado sería Marina de Velasco. Según DICAT el nombre de Isabel Vérrez a veces figura como Isabel Bérriz.",En la escritura se dice que se pagará a Bernardino Álvarez: 12 reales por representación y 5 reales de ración diaria.,Toro,Trabajar en la compañía,1605,12 reales [por representación]; 5 reales [ración diaria]. ,Gaspar de Porras,Bernardino Álvarez,GP,"Información ubicada en DICAT; DICAT extrae el dato de John Allen  (1991, pp. 237-241). John Allen (1994), en el libro que publica junto con José María Ruano de la Haza, ofrece la ubicación exacta de este documento y, además, en los anexos, presenta la transcripción del mismo. El documento se encuentra en el Archivo Histórico de Zamora, Sección Notariales, signatura 3555. ",[Doc. 39],5,,12,,
CS-30,Tra-51,"[Doc. 39] Escritura, fechada en Toro el 16 de diciembre de 1605, por la cual se conciertan en compañía: Gaspar de Porras, autor de comedias, Salvador de Ochoa, Marina de Avilés (esposa de Salvador Ochoa), Domingo Balbín, Isabel de Vérrez (esposa de Domingo Balbín), Bernardino Álvarez, Lorenzo Pérez, Francisco de Robles, Jerónimo del Barco, Pedro Cerezo de Guevara y Juan Pérez. La compañía duraría dos años, desde el Carnaval de 1606 hasta el Carnaval de 1608. –Según DICAT, la referencia a Marina de Avilés hecha por John Allen sería un error y el nombre adecuado sería Marina de Velasco. Según DICAT el nombre de Isabel Vérrez a veces figura como Isabel Bérriz.",En la escritura se dice que se pagará a Jerónimo del Varco: 11 reales por representación y 4 reales de ración diaria.,Toro,Trabajar en la compañía,1605,11 reales [por representación]; 4 reales [ración diaria]. ,Gaspar de Porras,Jerónimo del Varco,GP,"Información ubicada en DICAT; DICAT extrae el dato de John Allen  (1991, pp. 237-241). John Allen (1994), en el libro que publica junto con José María Ruano de la Haza, ofrece la ubicación exacta de este documento y, además, en los anexos, presenta la transcripción del mismo. El documento se encuentra en el Archivo Histórico de Zamora, Sección Notariales, signatura 3555. ",[Doc. 39],4,,11,,
CS-31,Tra-52,"[Doc. 39] Escritura, fechada en Toro el 16 de diciembre de 1605, por la cual se conciertan en compañía: Gaspar de Porras, autor de comedias, Salvador de Ochoa, Marina de Avilés (esposa de Salvador Ochoa), Domingo Balbín, Isabel de Vérrez (esposa de Domingo Balbín), Bernardino Álvarez, Lorenzo Pérez, Francisco de Robles, Jerónimo del Barco, Pedro Cerezo de Guevara y Juan Pérez. La compañía duraría dos años, desde el Carnaval de 1606 hasta el Carnaval de 1608. –Según DICAT, la referencia a Marina de Avilés hecha por John Allen sería un error y el nombre adecuado sería Marina de Velasco. Según DICAT el nombre de Isabel Vérrez a veces figura como Isabel Bérriz.",En la escritura se dice que se pagará a Lorenzo Pérez: 10 reales por representación y 8 reales de ración diaria.,Toro,Trabajar en la compañía,1605,10 reales [por representación]; 8 reales [ración diaria]. ,Gaspar de Porras,Lorenzo Pérez,GP,"Información ubicada en DICAT; DICAT extrae el dato de John Allen  (1991, pp. 237-241). John Allen (1994), en el libro que publica junto con José María Ruano de la Haza, ofrece la ubicación exacta de este documento y, además, en los anexos, presenta la transcripción del mismo. El documento se encuentra en el Archivo Histórico de Zamora, Sección Notariales, signatura 3555. ",[Doc. 39],8,,10,,
CS-32,Tra-53,"[Doc. 39] Escritura, fechada en Toro el 16 de diciembre de 1605, por la cual se conciertan en compañía: Gaspar de Porras, autor de comedias, Salvador de Ochoa, Marina de Avilés (esposa de Salvador Ochoa), Domingo Balbín, Isabel de Vérrez (esposa de Domingo Balbín), Bernardino Álvarez, Lorenzo Pérez, Francisco de Robles, Jerónimo del Barco, Pedro Cerezo de Guevara y Juan Pérez. La compañía duraría dos años, desde el Carnaval de 1606 hasta el Carnaval de 1608. –Según DICAT, la referencia a Marina de Avilés hecha por John Allen sería un error y el nombre adecuado sería Marina de Velasco. Según DICAT el nombre de Isabel Vérrez a veces figura como Isabel Bérriz.",En la escritura se dice que se pagará a Francisco de Robles: 10 reales por representación y 8 reales de ración diaria.,Toro,Trabajar en la compañía,1605,10 reales [por representación]; 8 reales [ración diaria]. ,Gaspar de Porras,Francisco de Robles,GP,"Información ubicada en DICAT; DICAT extrae el dato de John Allen  (1991, pp. 237-241). John Allen (1994), en el libro que publica junto con José María Ruano de la Haza, ofrece la ubicación exacta de este documento y, además, en los anexos, presenta la transcripción del mismo. El documento se encuentra en el Archivo Histórico de Zamora, Sección Notariales, signatura 3555. ",[Doc. 39],8,,10,,
CS-33,Tra-54,"[Doc. 39] Escritura, fechada en Toro el 16 de diciembre de 1605, por la cual se conciertan en compañía: Gaspar de Porras, autor de comedias, Salvador de Ochoa, Marina de Avilés (esposa de Salvador Ochoa), Domingo Balbín, Isabel de Vérrez (esposa de Domingo Balbín), Bernardino Álvarez, Lorenzo Pérez, Francisco de Robles, Jerónimo del Barco, Pedro Cerezo de Guevara y Juan Pérez. La compañía duraría dos años, desde el Carnaval de 1606 hasta el Carnaval de 1608. –Según DICAT, la referencia a Marina de Avilés hecha por John Allen sería un error y el nombre adecuado sería Marina de Velasco. Según DICAT el nombre de Isabel Vérrez a veces figura como Isabel Bérriz.",En la escritura se dice que se pagará a Juan Pérez: 10 reales por representación y 3 reales de ración diaria.,Toro,Trabajar en la compañía,1605,10 reales [por representación]; 3 reales [ración diaria]. ,Gaspar de Porras,Juan Pérez,GP,"Información ubicada en DICAT; DICAT extrae el dato de John Allen  (1991, pp. 237-241). John Allen (1994), en el libro que publica junto con José María Ruano de la Haza, ofrece la ubicación exacta de este documento y, además, en los anexos, presenta la transcripción del mismo. El documento se encuentra en el Archivo Histórico de Zamora, Sección Notariales, signatura 3555. ",[Doc. 39],3,,10,,
CS-34,Tra-55,"[Doc. 39] Escritura, fechada en Toro el 16 de diciembre de 1605, por la cual se conciertan en compañía: Gaspar de Porras, autor de comedias, Salvador de Ochoa, Marina de Avilés (esposa de Salvador Ochoa), Domingo Balbín, Isabel de Vérrez (esposa de Domingo Balbín), Bernardino Álvarez, Lorenzo Pérez, Francisco de Robles, Jerónimo del Barco, Pedro Cerezo de Guevara y Juan Pérez. La compañía duraría dos años, desde el Carnaval de 1606 hasta el Carnaval de 1608. –Según DICAT, la referencia a Marina de Avilés hecha por John Allen sería un error y el nombre adecuado sería Marina de Velasco. Según DICAT el nombre de Isabel Vérrez a veces figura como Isabel Bérriz.",En la escritura se dice que se pagará a Pedro Cerezo de Guevara: 11 reales por representación y 3 reales de ración diaria.,Toro,Trabajar en la compañía,1605,11 reales [por representación]; 3 reales [ración diaria]. ,Gaspar de Porras,Pedro Cerezo de Guevara,GP,"Información ubicada en DICAT; DICAT extrae el dato de John Allen  (1991, pp. 237-241). John Allen (1994), en el libro que publica junto con José María Ruano de la Haza, ofrece la ubicación exacta de este documento y, además, en los anexos, presenta la transcripción del mismo. El documento se encuentra en el Archivo Histórico de Zamora, Sección Notariales, signatura 3555. ",[Doc. 39],3,,11,,
CS-35,Tra-56,"[Doc. 44] Escritura, fechada en Valladolid el 8 de febrero de 1581, por la cual Fabián de Ribera, vecino de Córdoba, se compromete a representar en la compañía de Juan Granado desde la Pascua de Resurrección de este año hasta el Carnaval del siguiente. ","En la escritura se dice que Juan Granado se compromete a dar a Fabián de Ribera de comer, beber, cama y camisa lavada. Además, pasado dicho tiempo, es decir, llegado el Carnaval de 1582, el autor pagaría al actor 120 ducados (1320 reales) “como les fuere pedido”. El autor se compromete también a dar a Fabián de Ribera cabalgadura para llevar sus pertenencias y, también (según se entiende por la manera en la cual reporta el documento Fernández Martín) le daría, al finalizar el contrato, cabalgadura hasta Córdoba. Fernández Martín especifica: “los ciento veinte ducados se le han de dar ya represente o no”. — DICAT transcribe el apellido como ""Ribera"" mientras que Fernández Martín mantiene la forma ""Rivera"". ",Valladolid ,Representar en la compañía,1581,"1320 reales [por representar un año]; comida, bebida, vestidos y cabalgadura. ",Juan Granados,Fabián de Ribera,JG-JeG3,"Referencia al documento ubicada en DICAT; DICAT extrae la referencia de Fernández Martín  (1988, pp. 26-27). DICAT no registra los detalles del contrato, para esto se ha consultado el texto de Fernández Martín; Fernández Martín ofrece la ubicación del documento: AHPV (Archivo Histórico Provincial de Valladolid), 517; 8-II-1581.  ",[Doc. 45],No monetaria,,No establecido ,,
CS-36,Tra-57,"[Doc. 45] Escritura, fechada en Valladolid el 9 de febrero de 1581, por la cual Juan de Morales, a través de su curador ad ítem Pedro de Aranda, procurado de número de Valladolid, se asienta de “soldada y servicio” por un año en la compañía de Juan Granado. ","En la escritura se especifica que durante el tiempo del contrato Juan Granado le ha de dar a Juan de Morales “de comer y beber, cama y camisa lavada”. Además, le pagaría 27 ducados (297 reales). Por su parte, Juan de Morales se compromete a representar todo lo que se le mande. –Fernández Martín no especifica en qué momento se pagarán los 27 ducados, información que de seguro se puedo hallar en el documento. ",Valladolid ,Representar en la compañía,1581,"297 reales [por representar un año]; comida, bebida, vestidos.",Juan Granados,Juan de Morales,JG-JeG3,"Referencia al documento ubicada en DICAT; DICAT extrae la referencia de Fernández Martín  (1988, p. 30). DICAT no registra los detalles del contrato, para esto se ha consultado el texto de Fernández Martín; Fernández Martín ofrece la ubicación del documento: AHPV (Archivo Histórico Provincial de Valladolid), 517; 9-II-1581.  ",[Doc. 44],No monetaria,,No establecido ,,
CS-37,Tra-59,"[Doc. 52] Escritura, fechada en Madrid el 13 de marzo de 1580, por la cual se conciertan en compañía: Alberto Naselli (Ganassa), Barbara Flaminia (esposa de Alberto Naselli), Vicenzo Botanelli (Curzio Romano), Cesare dei Nobili, Abagaro Fiescobaldi (Stefanello Bottarga), Giovan Pietro Pasquarello, Scipione Graselli, Giulio Vigilante y Giaccomo Portalupo. –Como se puede ver en DICAT, el nombre de los italianos varía mucho en la documentación española. Vicenzo Botanelli, según el documento, figura como Curtio Romano, Curcio Romano o Curzio Romano. Abagaro Fiescobaldi es más conocido como Abagaro Francesco Baldi y Taciano, pero su nombre presenta muchas variaciones, entre ellas: Agabaro Frescobaldi o Agabaro Francisco Valdés; de la misma manera, su nombre artístico a veces figura como Stefanelo Botarga y, a veces, como Stefanello Bottarga. En este documento, según la transcripción de García García, los nombres aparecen de la siguiente manera: Alverto Anaseli, Barvora Flaminia, Vicenzo de Tricurçio, Chesar de Nobili, Juan Pietro alias Trastulo, Cipios Graseli, Abagaro Fiescovaldi dito Stefanelo Votarga, Jacobe Portalupi y Jullio Villanti. Esta escritura, como se dice en ella misma, sería la renovación de otra que se firmó en italiano el 28 de marzo de 1579 en Sevilla. La compañía renovada duraría hasta el Carnaval de 1581. ",En la escritura se dice que Alberto Naselli y Barbara Flaminia (esposa de Alberto Naselli) recibirán como paga dos partes y media de las ganancias de la compañía. ,Madrid,Cumplir sus funciones de autores y representantes en la compañía ,1580,2 partes y ½ de parte de las ganancias,Alberto Naselli (Ganassa),Alberto Naselli y Barbara Flaminia ,AN,"Información ubicada en el documento de concierto transcrito por García García (1993, pp. 361-165). DICAT también recoge datos de esta fuente. García García ofrece la ubicación del documento: Archivo Zabálburu, carpeta 212, doc. 68.",[Doc. 52] ,No se señala,,No establecido ,,
CS-38,Tra-60,"[Doc. 52] Escritura, fechada en Madrid el 13 de marzo de 1580, por la cual se conciertan en compañía: Alberto Naselli (Ganassa), Barbara Flaminia (esposa de Alberto Naselli), Vicenzo Botanelli (Curzio Romano), Cesare dei Nobili, Abagaro Fiescobaldi (Stefanello Bottarga), Giovan Pietro Pasquarello, Scipione Graselli, Giulio Vigilante y Giaccomo Portalupo. –Como se puede ver en DICAT, el nombre de los italianos varía mucho en la documentación española. Vicenzo Botanelli, según el documento, figura como Curtio Romano, Curcio Romano o Curzio Romano. Abagaro Fiescobaldi es más conocido como Abagaro Francesco Baldi y Taciano, pero su nombre presenta muchas variaciones, entre ellas: Agabaro Frescobaldi o Agabaro Francisco Valdés; de la misma manera, su nombre artístico a veces figura como Stefanelo Botarga y, a veces, como Stefanello Bottarga. En este documento, según la transcripción de García García, los nombres aparecen de la siguiente manera: Alverto Anaseli, Barvora Flaminia, Vicenzo de Tricurçio, Chesar de Nobili, Juan Pietro alias Trastulo, Cipios Graseli, Abagaro Fiescovaldi dito Stefanelo Votarga, Jacobe Portalupi y Jullio Villanti. Esta escritura, como se dice en ella misma, sería la renovación de otra que se firmó en italiano el 28 de marzo de 1579 en Sevilla. La compañía renovada duraría hasta el Carnaval de 1581. ","En la escritura se dice que Vicenzo Botanelli recibirá como paga una parte y media de las ganacias de la compañía. Botanelli sería tanto representante como “procurador de la compañía en todos los negocios y casos que se les subcederá”. En cuanto actor, como todos los miembros de la compañía, se compromete a representar, siguiendo las órdenes de Alberto Naselli (Ganassa), todas las veces que fuere necesario: “de noche e de día, y en público y en secreto y en casas particulares”.  Se compromete, a su vez, a viajar donde diga la compañía (se establece un sisma según el cual Ganassa decide dónde ir pero necesita que estén de acuerdo por lo menos dos compañéros más, uno de los cuales debe ser necesariamente Vicenzo Botanelli o Giovan Pietro Pasquarello). ",Madrid,Representar en la compañía y cumplir la función de procurador,1580,1 parte y ½ de parte de las ganancias,Alberto Naselli (Ganassa),Vicenzo Botanelli,AN,"Información ubicada en el documento de concierto transcrito por García García (1993, pp. 361-165). DICAT también recoge datos de esta fuente. García García ofrece la ubicación del documento: Archivo Zabálburu, carpeta 212, doc. 68.",[Doc. 52] ,No se señala,,No establecido ,,
CS-39,Tra-61,"[Doc. 52] Escritura, fechada en Madrid el 13 de marzo de 1580, por la cual se conciertan en compañía: Alberto Naselli (Ganassa), Barbara Flaminia (esposa de Alberto Naselli), Vicenzo Botanelli (Curzio Romano), Cesare dei Nobili, Abagaro Fiescobaldi (Stefanello Bottarga), Giovan Pietro Pasquarello, Scipione Graselli, Giulio Vigilante y Giaccomo Portalupo. –Como se puede ver en DICAT, el nombre de los italianos varía mucho en la documentación española. Vicenzo Botanelli, según el documento, figura como Curtio Romano, Curcio Romano o Curzio Romano. Abagaro Fiescobaldi es más conocido como Abagaro Francesco Baldi y Taciano, pero su nombre presenta muchas variaciones, entre ellas: Agabaro Frescobaldi o Agabaro Francisco Valdés; de la misma manera, su nombre artístico a veces figura como Stefanelo Botarga y, a veces, como Stefanello Bottarga. En este documento, según la transcripción de García García, los nombres aparecen de la siguiente manera: Alverto Anaseli, Barvora Flaminia, Vicenzo de Tricurçio, Chesar de Nobili, Juan Pietro alias Trastulo, Cipios Graseli, Abagaro Fiescovaldi dito Stefanelo Votarga, Jacobe Portalupi y Jullio Villanti. Esta escritura, como se dice en ella misma, sería la renovación de otra que se firmó en italiano el 28 de marzo de 1579 en Sevilla. La compañía renovada duraría hasta el Carnaval de 1581. ","En la escritura se dice que Cesare dei Nobili recibirá como paga una parte de las ganacias de la compañía. En cuanto actor, como todos los miembros de la compañía, se compromete a representar, siguiendo las órdenes de Alberto Naselli (Ganassa), todas las veces que fuere necesario: “de noche e de día, y en público y en secreto y en casas particulares”.  Se compromete, a su vez, a viajar donde diga la compañía (se establece un sisma según el cual Ganassa decide dónde ir pero necesita que estén de acuerdo por lo menos dos compañéros más, uno de los cuales debe ser necesariamente Vicenzo Botanelli o Giovan Pietro Pasquarello).",Madrid,Representar en la compañía ,1580,1 parte de las ganancias,Alberto Naselli (Ganassa),Cesare dei Nobili ,AN,"Información ubicada en el documento de concierto transcrito por García García (1993, pp. 361-165). DICAT también recoge datos de esta fuente. García García ofrece la ubicación del documento: Archivo Zabálburu, carpeta 212, doc. 68.",[Doc. 52] ,No se señala,,No establecido ,,
CS-40,Tra-62,"[Doc. 52] Escritura, fechada en Madrid el 13 de marzo de 1580, por la cual se conciertan en compañía: Alberto Naselli (Ganassa), Barbara Flaminia (esposa de Alberto Naselli), Vicenzo Botanelli (Curzio Romano), Cesare dei Nobili, Abagaro Fiescobaldi (Stefanello Bottarga), Giovan Pietro Pasquarello, Scipione Graselli, Giulio Vigilante y Giaccomo Portalupo. –Como se puede ver en DICAT, el nombre de los italianos varía mucho en la documentación española. Vicenzo Botanelli, según el documento, figura como Curtio Romano, Curcio Romano o Curzio Romano. Abagaro Fiescobaldi es más conocido como Abagaro Francesco Baldi y Taciano, pero su nombre presenta muchas variaciones, entre ellas: Agabaro Frescobaldi o Agabaro Francisco Valdés; de la misma manera, su nombre artístico a veces figura como Stefanelo Botarga y, a veces, como Stefanello Bottarga. En este documento, según la transcripción de García García, los nombres aparecen de la siguiente manera: Alverto Anaseli, Barvora Flaminia, Vicenzo de Tricurçio, Chesar de Nobili, Juan Pietro alias Trastulo, Cipios Graseli, Abagaro Fiescovaldi dito Stefanelo Votarga, Jacobe Portalupi y Jullio Villanti. Esta escritura, como se dice en ella misma, sería la renovación de otra que se firmó en italiano el 28 de marzo de 1579 en Sevilla. La compañía renovada duraría hasta el Carnaval de 1581. ","En la escritura se dice que Abagaro Fiescobaldi recibirá como paga una parte de las ganacias de la compañía. En cuanto actor, como todos los miembros de la compañía, se compromete a representar, siguiendo las órdenes de Alberto Naselli (Ganassa), todas las veces que fuere necesario: “de noche e de día, y en público y en secreto y en casas particulares”.  Se compromete, a su vez, a viajar donde diga la compañía (se establece un sisma según el cual Ganassa decide dónde ir pero necesita que estén de acuerdo por lo menos dos compañéros más, uno de los cuales debe ser necesariamente Vicenzo Botanelli o Giovan Pietro Pasquarello).",Madrid,Representar en la compañía ,1580,1 parte de las ganancias,Alberto Naselli (Ganassa),Abagaro Francesco Baldi y Taciano,AN,"Información ubicada en el documento de concierto transcrito por García García (1993, pp. 361-165). DICAT también recoge datos de esta fuente. García García ofrece la ubicación del documento: Archivo Zabálburu, carpeta 212, doc. 68.",[Doc. 52] ,No se señala,,No establecido ,,
CS-41,Tra-63,"[Doc. 52] Escritura, fechada en Madrid el 13 de marzo de 1580, por la cual se conciertan en compañía: Alberto Naselli (Ganassa), Barbara Flaminia (esposa de Alberto Naselli), Vicenzo Botanelli (Curzio Romano), Cesare dei Nobili, Abagaro Fiescobaldi (Stefanello Bottarga), Giovan Pietro Pasquarello, Scipione Graselli, Giulio Vigilante y Giaccomo Portalupo. –Como se puede ver en DICAT, el nombre de los italianos varía mucho en la documentación española. Vicenzo Botanelli, según el documento, figura como Curtio Romano, Curcio Romano o Curzio Romano. Abagaro Fiescobaldi es más conocido como Abagaro Francesco Baldi y Taciano, pero su nombre presenta muchas variaciones, entre ellas: Agabaro Frescobaldi o Agabaro Francisco Valdés; de la misma manera, su nombre artístico a veces figura como Stefanelo Botarga y, a veces, como Stefanello Bottarga. En este documento, según la transcripción de García García, los nombres aparecen de la siguiente manera: Alverto Anaseli, Barvora Flaminia, Vicenzo de Tricurçio, Chesar de Nobili, Juan Pietro alias Trastulo, Cipios Graseli, Abagaro Fiescovaldi dito Stefanelo Votarga, Jacobe Portalupi y Jullio Villanti. Esta escritura, como se dice en ella misma, sería la renovación de otra que se firmó en italiano el 28 de marzo de 1579 en Sevilla. La compañía renovada duraría hasta el Carnaval de 1581. ","En la escritura se dice que Giovan Pietro Pasquarello junto con Scipione Graselli recibirán como paga una parte “y un cuarto y medio” (es decir, una parte y tres octavos) de las ganacias de la compañía. Además de representar, Pasquarello y Graselli serían los encargados del hato de la compañía: de su custudia y limpieza. Para este fin, la compañía contraría un sirviente que ayude a los susodichos. En cuanto actores, como todos los miembros de la compañía, se comprometen a representar, siguiendo las órdenes de Alberto Naselli (Ganassa), todas las veces que fuere necesario: “de noche e de día, y en público y en secreto y en casas particulares”.  Se comprometen, a su vez, a viajar donde diga la compañía (se establece un sisma según el cual Ganassa decide dónde ir pero necesita que estén de acuerdo por lo menos dos compañéros más, uno de los cuales debe ser necesariamente Vicenzo Botanelli o Giovan Pietro Pasquarello). En la escritura se dice también que la compañía contratará un sirviente para que ayude a Giovan Pietro Pasquarello y Scipione Graselli a cuidar del hato. ",Madrid,Representar en la compañía y cumplir la función de encargados del hato ,1580,1 parte y ⅜ de parte de las ganancias ,Alberto Naselli (Ganassa),Giovan Pietro Pasquarello y Scipione Graselli,AN,"Información ubicada en el documento de concierto transcrito por García García (1993, pp. 361-165). DICAT también recoge datos de esta fuente. García García ofrece la ubicación del documento: Archivo Zabálburu, carpeta 212, doc. 68.",[Doc. 52] ,No se señala,,No establecido ,,
CS-42,Tra-64,"[Doc. 52] Escritura, fechada en Madrid el 13 de marzo de 1580, por la cual se conciertan en compañía: Alberto Naselli (Ganassa), Barbara Flaminia (esposa de Alberto Naselli), Vicenzo Botanelli (Curzio Romano), Cesare dei Nobili, Abagaro Fiescobaldi (Stefanello Bottarga), Giovan Pietro Pasquarello, Scipione Graselli, Giulio Vigilante y Giaccomo Portalupo. –Como se puede ver en DICAT, el nombre de los italianos varía mucho en la documentación española. Vicenzo Botanelli, según el documento, figura como Curtio Romano, Curcio Romano o Curzio Romano. Abagaro Fiescobaldi es más conocido como Abagaro Francesco Baldi y Taciano, pero su nombre presenta muchas variaciones, entre ellas: Agabaro Frescobaldi o Agabaro Francisco Valdés; de la misma manera, su nombre artístico a veces figura como Stefanelo Botarga y, a veces, como Stefanello Bottarga. En este documento, según la transcripción de García García, los nombres aparecen de la siguiente manera: Alverto Anaseli, Barvora Flaminia, Vicenzo de Tricurçio, Chesar de Nobili, Juan Pietro alias Trastulo, Cipios Graseli, Abagaro Fiescovaldi dito Stefanelo Votarga, Jacobe Portalupi y Jullio Villanti. Esta escritura, como se dice en ella misma, sería la renovación de otra que se firmó en italiano el 28 de marzo de 1579 en Sevilla. La compañía renovada duraría hasta el Carnaval de 1581. ","En la escritura se dice que Giulio Vigilante recibirá como paga “media parte y medio cuarto” (es decir, cinco octavos de parte) de las ganacias de la compañía. En cuanto actor, como todos los miembros de la compañía, se compromete a representar, siguiendo las órdenes de Alberto Naselli (Ganassa), todas las veces que fuere necesario: “de noche e de día, y en público y en secreto y en casas particulares”.  Se compromete, a su vez, a viajar donde diga la compañía (se establece un sisma según el cual Ganassa decide dónde ir pero necesita que estén de acuerdo por lo menos dos compañéros más, uno de los cuales debe ser necesariamente Vicenzo Botanelli o Giovan Pietro Pasquarello).",Madrid,Representar en la compañía,1580,⅝ de parte de las ganancias,Alberto Naselli (Ganassa),Giulio Vigilante,AN,"Información ubicada en el documento de concierto transcrito por García García (1993, pp. 361-165). DICAT también recoge datos de esta fuente. García García ofrece la ubicación del documento: Archivo Zabálburu, carpeta 212, doc. 68.",[Doc. 52] ,No se señala,,No establecido ,,
CS-43,Tra-65,"[Doc. 52] Escritura, fechada en Madrid el 13 de marzo de 1580, por la cual se conciertan en compañía: Alberto Naselli (Ganassa), Barbara Flaminia (esposa de Alberto Naselli), Vicenzo Botanelli (Curzio Romano), Cesare dei Nobili, Abagaro Fiescobaldi (Stefanello Bottarga), Giovan Pietro Pasquarello, Scipione Graselli, Giulio Vigilante y Giaccomo Portalupo. –Como se puede ver en DICAT, el nombre de los italianos varía mucho en la documentación española. Vicenzo Botanelli, según el documento, figura como Curtio Romano, Curcio Romano o Curzio Romano. Abagaro Fiescobaldi es más conocido como Abagaro Francesco Baldi y Taciano, pero su nombre presenta muchas variaciones, entre ellas: Agabaro Frescobaldi o Agabaro Francisco Valdés; de la misma manera, su nombre artístico a veces figura como Stefanelo Botarga y, a veces, como Stefanello Bottarga. En este documento, según la transcripción de García García, los nombres aparecen de la siguiente manera: Alverto Anaseli, Barvora Flaminia, Vicenzo de Tricurçio, Chesar de Nobili, Juan Pietro alias Trastulo, Cipios Graseli, Abagaro Fiescovaldi dito Stefanelo Votarga, Jacobe Portalupi y Jullio Villanti. Esta escritura, como se dice en ella misma, sería la renovación de otra que se firmó en italiano el 28 de marzo de 1579 en Sevilla. La compañía renovada duraría hasta el Carnaval de 1581. ","En la escritura se dice que Giaccomo Portalupo (“alias Isabela”) recibirá como paga media parte de las ganacias de la compañía. Además de esto, la compañía deberá darle 12 escudos (192 reales) para hacerle “buena obra” como “ayuda de costa”. En cuanto actor, como todos los miembros de la compañía, se compromete a representar, siguiendo las órdenes de Alberto Naselli (Ganassa), todas las veces que fuere necesario: “de noche e de día, y en público y en secreto y en casas particulares”.  Se compromete, a su vez, a viajar donde diga la compañía (se establece un sisma según el cual Ganassa decide dónde ir pero necesita que estén de acuerdo por lo menos dos compañéros más, uno de los cuales debe ser necesariamente Vicenzo Botanelli o Giovan Pietro Pasquarello).",Madrid,Representar en la compañía,1580,½ de parte de las ganancias,Alberto Naselli (Ganassa),Giaccomo Portalupo,AN,"Información ubicada en el documento de concierto transcrito por García García (1993, pp. 361-165). DICAT también recoge datos de esta fuente. García García ofrece la ubicación del documento: Archivo Zabálburu, carpeta 212, doc. 68.",[Doc. 52] ,No se señala,,No establecido ,,
CS-44,Tra-66,"[Doc. 53] Escritura, fechada el 31 de marzo de 1581 en Madrid, por la cual Pedro de Salcedo y Antonio Laso se conciertan para trabajar en la compañía de Alberto Naselli y Vicenzo Botanelli (Curzio Romano), hasta el Carnaval de 1582. Los otros miembros de la compañía que firman el documento son: Cesare dei Nobili, Giovan Pietro Pasquarello, Scipione Graselli, Giulio Vigilante, Giaccomo Portalupo y Carlos de Masi. ","En la escritura, Pedro de Salcedo y Antonio Laso se comprometen a tañer guitarras y cantar tonadas cuando lo requiriera la compañía. Se especifica que se les pagará 2 reales diarios a cada uno, manutención, posada y cabalgaduras o carros durante los viajes. ",Madrid,Tañer y cantar en la compañía,1581,"2 reales diarios a cada uno, manutención, posada y cabalgaduras o carros durante los viajes.",Alberto Naselli (Ganassa),Pedro de Salcedo y Antonio Laso,AN2,"Información ubicada en DICAT; DICAT extrae el dato de Cotarelo y Mori (1908, pp. 51-53). En DICAT se hace referencia a más fuentes, pero Cotarelo y Mori es el primero en dar cuenta de este documento.  ",[Doc. 53] ,2,,No establecido ,,
