Indicador de registro,Transacción,Documento,Otros datos para elaborar indicadores ,Ciudad,Años,Categorías,Concepto,Monto,Nota,Compañía,Referencias bibliográficas,Código documentos
IdI-1,Tra-1,"[Doc. 1] Escritura, fechada en Toledo el 18 de enero de 1603, por la cual Pedro de Valdés y Antonio Granados conforman una compañía de dos años: del Carnaval de 1603 hasta el Carnaval de 1605.","En el concierto se dice que el hato y las comedias de ambos autores pasarían a formar parte de los bienes de la compañía. Recientemente, Antonio Granados habría adquirido cinco comedias nuevas por 2450 reales; visto que estas comedias pasan a ser parte de la compañía, Valdés habría pagado a Granados la mitad: 1220 reales. Las cinco compañías son: El cuerdo loco, Los esclavos libres y El príncipe desdeñado de Lope de Vega; El español de más fuerzas de Damián Salustio del Poyo y Roldán Casado de Alonso Remón. ",Toledo,1603,Comedias (texto),"Cinco comedias nuevas. Las cinco compañías son: El cuerdo loco, Los esclavos libres y El príncipe desdeñado de Lope de Vega; El español de más fuerzas de Damián Salustio del Poyo y Roldán Casado de Alonso Remón",2450 reales,X,AG-PV,"Información ubicada en DICAT; DICAT extrae el dato de San Román (1935, pp. 71-76).",[Doc. 1]
IdI-2,Tra-82,"[Doc. 48] Obligación, fechada en Toledo el 21 de marzo de 1603, en la cual Juan de Grajales y su mujer, Catalina de Peralta, vecinos de Madrid, declaran tener una deuda de 1000 reales con Pedro de Valdés. ","En la obligación se detalla que los 1000 reales serían por  ""una saya e ropa de cuerpos de terciopelo negro con tres franjones de oro y alamares y pasamanos todo de oro, e un jubón de tela negra de oro"". La manera de pagar que tendrían sería representando en la compañía. No sabemos cuánto la compañía se obligó a pagarles por su trabajo, pero, por este documento, consta que luego de cada representación los cómicos pagaría a Valdés 10 reales de lo que le deben hasta saldar su deuda. Comenzarían a representar para la compañía en la Pascua Florida. ",Toledo,1603,Vestuario,"Una saya e ropa de cuerpos de terciopelo negro con tres franjones de oro y alamares y pasamanos todo de oro, e un jubón de tela negra de oro",1000 reales,X,AG-PV,"Información ubicada en DICAT; DICAT extrae el dato de Marcos  Álvarez (1997, pp.113-114).",[Doc. 48]
IdI-3,Tra-13,"[Doc. 11] Escritura, fechada en Toledo el 21 de marzo de 1603, por la cual Juan de Corcha, vecino de Madrid, se compromete a trabajar por dos años en la compañía de Antonio de Granados y Pedro de Valdés. ","En la escritura, Corcha se compromete a andar con la compañía “representando, y tañendo, y cantando y haciendo todo lo que se me ordenare en cualesquier representaciones, públicas o secretas, y en cualesquier partes"". Se le pagaría: 7 reales por cada representación el primer año y 8 reales el segundo año, 3 reales de ración diaria, y por el Corpus Christi “lo acostumbrado”. La compañía cubriría sus gastos de viajes. En la escritura se especifica también que Juan de Corcha ha cobrado a cuenta 1230 reales en forma de ""partidas que por mí ha pagado [Pedro de Valdés] de vestidos que ha sacado y ha pagado por mí y dádome"". Corcha se compromete a compensar el pago a cuenta con lo que le correspondería de las primeras representaciones de la compañía.    ",Toledo,1603,Pagos a cuenta,Pago a cuenta que la compañía de Pedro de Valdés y Antonio Granados hace al actor Gabriel de Acevedo en forma de vestidos que compran para él,1230 reales,"Juan de Corcha se compromete a compensar paulatinamente el pago a cuenta que se le hace con el salario de las primeras representaciones. Cabe tener en cuenta que su salario por representación, durante el primer año de trabajo en la compañía, está fijado en 7 reales. ",AG-PV,"Información ubicada en DICAT; DICAT extrae el dato de San Román (1935, pp. 84-85).",[Doc. 11]
IdI-4,Tra-14,"[Doc. 12] Escritura, fechada en Toledo el 21 de marzo de 1603, por la cual Gabriel de Acevedo, vecino de Lisboa, se compromete a trabajar por dos años en la compañía de Antonio de Granados y Pedro de Valdés. ","En la escritura, Corcha se compromete a andar con la compañía “tañendo y cantando en todas las comedias y representaciones que hicieren, públicas o secretas, en cualesquier partes, representando e haciendo todo lo que se me ordenare"". Se le pagaría: 7 reales por cada representación el primer año y 8 reales el segundo año, 3 reales de ración diaria, y por el Corpus Christi “lo acostumbrado”. La compañía cubriría sus gastos de viajes. En la escritura se especifica también que Gabriel de Acevedo ha cobrado a cuenta 984 reales en forma de ""dos vestidos que [Pedro de Valdés] me ha pagado en dineros”. Es decir, Pedro de Valdés ha comprado vestidos para Acevedo. Este se compromete a compensar el pago a cuenta con lo que le correspondería de las primeras representaciones de la compañía.    ",Toledo,1603,Pagos a cuenta,Pago a cuenta que la compañía de Pedro de Valdés y Antonio Granados hace al actor Juan de Corcha en forma de vestidos que compran para él,934 reales,"Gabriel de Acevedo se compromete a compensar paulatinamente el pago a cuenta que se le hace con el salario de las primeras representaciones. Cabe tener en cuenta que su salario por representación, durante el primer año de trabajo en la compañía, está fijado en 7 reales. ",AG-PV,"Información ubicada en DICAT; DICAT extrae el dato de San Román (1935, pp. 88-89).",[Doc. 12]
IdI-5,Tra-83,[Doc 31] Acta del cabildo de la ciudad de México del 18 de abril de 1608.,"En el acta se dice que, según el reporte del corregidor Garcí López de Espinar, resultaría que se podría costear las celebraciones del Corpus y de la Octava con 1200 pesos de oro común (9600 reales) si no se pagara nada de dinero a los comediantes para que sacaran sus comedias. ",México,1608,Corpus Christi. Fiesta,Costo de las celebraciones del Corpus y la Octava sin dar dinero a los comediantes,9600 reales,"Este año las compañías en cuestión son por un lado la de Gonzalo de Riancho y Alonso Velázquez y, por otro, la de Fernando Ramírez",GR-AV / FR,Información ubicada en el Libro XVII de la Actas de Cabildo de México. ,[Doc. 31]
IdI-6,Tra-84,[Doc 31] Acta del cabildo de la ciudad de México del 18 de abril de 1608.,"En el acta se dice que el virrey (Luis de Velasco II), considera que el cabildo de la ciudad de México puede utilizar de su fondo de rentas y propios 1700 pesos de oro común para las fiestas del Corpus y la Octava. 1200 pesos (9600 reales) serían para las celebraciones y 500 pesos (4000 reales) para ayudar a las compañías a pagar los vestuarios. ",México,1608,Corpus Christi. Vestuario,"Ayuda que el cabildo daría para que dos compañías puedan costear los vestuarios de los actores para dos comedias, la del Corpus y la de la Octava",4000 reales,"Este año las compañías en cuestión son por un lado la DE Gonzalo de Riancho y Alonso Velázquez y, por otro, la de Fernando Ramírez",GR-AV / FR,Información ubicada en el Libro XVII de la Actas de Cabildo de México. ,[Doc. 31]
IdI-7,Tra-32,"[Doc. 37] Escritura, fechada en Sevilla el 22 de noviembre de 1605, por la cual Andrés de Arce se compromente a representar por un año, del Carnaval de 1606 al Carnaval de 1607, en la compañía de Juan de Arteaga, Juan Osorio y Antonio Amoroso. –Juan de Arteaga tiene poder otorgado por los otros dos autores de comedias para contratar a los demás mimebros de la compañía.","En la escritura se dice que se pagará a Andrés de Arce: 9 reales por representación y 3 reales de ración diaria. Además, Juan de Arteaga, en nombre de la compañía, asegura a Andrés de Arce que a lo largo del año se harán por lo menos 250 representaciones y se compromete a que, si se hicieran menos, le pagarían la diferencia. Esto significa que, mínimamente, a lo largo del año, se pagaría a Andrés de Arce 3000 reales (12 reales multiplicados por 250 representaciones).  ",Sevilla ,1605,Salarios,Ganancia de un actor por los días de representación en un año en compañía,3000 reales,X,JA-JO-AA,"Información ubicada en DICAT; DICAT extrae el dato de Rodríguez Marín (1914, p.179).",[Doc.37]
IdI-8,Tra-85,"[Doc. 40] Escritura, fechada en Sevilla el 23 de julio de 1575, en la cual Juan del Granado vende a Francisco Hurtado de Córdoba (caballero veinticuatro del Cabildo) un “esclavo de color de membrillo”.", En la escritura se dice que la venta del esclavo se realiza por 50 ducados (550 reales).,Sevilla ,1575,Esclavos,Un esclavo,550 reales,X,X,"Información ubicada en DICAT; DICAT extrae el dato de Bolaños Donoso (1995, p.134).",[Doc. 40]
IdI-9,,,"En los libros de cuentas de las cofradías de la Pasión y la Soledad se registra que el 8 de febrero de 1580 Juan Granado entregó a estas instituciones 200 reales para ayudar con los gastos del corral en el cual él representa. Sabemos, por más información contenida en estos libros, que este corral es el corral de la Cruz. Los 200 reales serían “todo el aprovechamiento que él había de llevar de las entradas de la comedia deste días”. ",Madrid,1580,Ganancias,Ganancia de la venta de entradas para la representación de una comedia ,200 reales,X,JG,"Información ubicada en DICAT; DICAT extrae el dato de Davis y Varey (1997, pp. 54, 77 y 204) y Pellicer (1804, pp. 60 y 71).",[Doc. 41]
IdI-10,,,"En los libros de cuentas de las cofradías de la Pasión y la Soledad se registra que, entre el 29 de noviembre de 1579 y el 16 de febrero de 1580, la compañía de Juan de Granado y Jerónimo Gálvez realizó 48 representaciones. Por otro dato anterior [ver registro IdI-9], sabemos que la ganancia aproximada por la venta de entradas para un representación era de 200 reales. ",Madrid,1579-1580,Ganancias,"Ganancia de la venta de entradas en, más o menos, dos meses y medio de representaciones en los corrales de Madrid",9600 reales,Juan Granado había montado una compañía a principios de año para la temporada 1579-1580 en Sevilla. No se sabe todavía si la compañía que ahora está representando en Madrid es la misma o si aquella se deshizo y Granado fundó otra junto con Jerónimo de Gálvez. ,JG,"Información ubicada en DICAT; DICAT extrae el dato de Davis y Varey (1997, pp. 77 y 80). ",[Doc. 42]
IdI-11,Tra-86,[Doc. 47] Libro de cajas del Cabildo de Sevilla del año 1575,"El Cabildo registra que en 1575 pagó 31152 maravedís (916, 23 reales) por los “dos medios carros” de la representación que realiza Ganassa. Se trata del cuerpo de los carros, el cual posteriormente debe ser adornado.  ",Sevilla ,1575,Corpus Christi. Escenografía,"Costo del cuerpo de un carro de representación descrito como ""dos medios carros"".","916, 23 reales",X,X,"Información ubicada en Sentaurens (1984, pp. 218-219). Sentaurens ofrece la ubicación de los documentos que consulta: AMS (Archivo Municipal de Sevilla), II, libro de caja, año 1575. ",[Doc. 47]
IdI-12,Tra-87,[Doc. 47] Libro de cajas del Cabildo de Sevilla del año 1575,El Cabildo registra que en 1575 pagó 952 maravedís (28 reales) a Pedro Aguirre y Diego Martín por el alquiler de las ruedas para los “dos medios carros” de la representación que realiza Ganassa. ,Sevilla ,1575,Corpus Christi. Escenografía,Alquiler de ruedas para carro de representación,28 reales,X,X,"Información ubicada en Sentaurens (1984, pp. 218-219). Sentaurens ofrece la ubicación de los documentos que consulta: AMS (Archivo Municipal de Sevilla), II, libro de caja, año 1575. ",[Doc. 47]
IdI-13,Tra-88,[Doc. 47] Libro de cajas del Cabildo de Sevilla del año 1575,"El Cabildo registra que en 1575 pagó 1499 maravedís (44, 1 reales) por hacer y dehacer los “dos medios carros” de la representación que realiza Ganassa. ",Sevilla ,1575,Corpus Christi. Escenografía,Trabajo de montaje y desmotaje de un carro de representación,"44, 1 reales",X,X,"Información ubicada en Sentaurens (1984, pp. 218-219). Sentaurens ofrece la ubicación de los documentos que consulta: AMS (Archivo Municipal de Sevilla), II, libro de caja, año 1575. ",[Doc. 47]
IdI-14,Tra-89,[Doc. 47] Libro de cajas del Cabildo de Sevilla del año 1575,El Cabildo registra que en 1575 pagó 6358 maravedís  (187 reales) a Juan Chacón por lo que pintó en los “dos medios carros” de la representación que realiza Ganassa. ,Sevilla ,1575,Corpus Christi. Escenografía,Trabajo de pintura de un carro de representación,187 reales,X,X,"Información ubicada en Jean Sentaurens (1984, pp. 218-219). Sentaurens ofrece la ubicación de los documentos que consulta: AMS (Archivo Municipal de Sevilla), II, libro de caja, año 1575. ",[Doc. 47]
IdI-15,Tra-90,[Doc. 47] Libro de cajas del Cabildo de Sevilla del año 1575,"El Cabildo registra que en 1575 pagó 1500 maravedís (44,12 reales) por los lienzos para los “dos medios carros” de la representación que realiza Ganassa. ",Sevilla ,1575,Corpus Christi. Escenografía,Lienzos para carro de representación,"44,12 reales",X,X,"Información ubicada en Sentaurens (1984, pp. 218-219). Sentaurens ofrece la ubicación de los documentos que consulta: AMS (Archivo Municipal de Sevilla), II, libro de caja, año 1575. ",[Doc. 47]
IdI-16,Tra-91,[Doc. 47] Libro de cajas del Cabildo de Sevilla del año 1575,"El Cabildo registra que en 1575 pagó 3567 (104, 91) maravedís por las 87 varas de angeo para los “dos medios carros” de la representación que realiza Ganassa. 41 maravedís por vara.  ",Sevilla ,1575,Corpus Christi. Escenografía,Ochenta y siente varas de angeo para carro de representación,"104, 91 reales",X,X,"Información ubicada en Sentaurens (1984, pp. 218-219). Sentaurens ofrece la ubicación de los documentos que consulta: AMS (Archivo Municipal de Sevilla), II, libro de caja, año 1575. ",[Doc. 47]
IdI-17,Tra-92,[Doc. 47] Libro de cajas del Cabildo de Sevilla del año 1575,"El Cabildo registra que en 1575 realizó distintos gastos para para los “dos medios carros” de la representación que realiza Ganassa. El total de estos gastos, como se puede ver en las entradas correspondientes, es de 45028 maravedís (1324,3 reales). ",Sevilla ,1575,Corpus Christi. Escenografía,Costo total del montaje de un carro de representación,"1324, 3 reales",X,X,"Información ubicada en Sentaurens (1984, pp. 218-219). Sentaurens ofrece la ubicación de los documentos que consulta: AMS (Archivo Municipal de Sevilla), II, libro de caja, año 1575. ",[Doc. 47]
IdI-18,Tra-93,[Doc. 46] Registros de las deliberaciones de la comisión de Corpus del Cabildo de Sevilla del año 1575.,"Según la lectura de los documentos del Cabildo de Sevilla que realiza Jean Sentaurens y recoge DICAT, este año se habría contratado a Ganassa para que representara un auto en el Corpus Christi. Se contrata también a otros autores para que saquen más autos (en específico a Luis Díaz, Francisco de Segura y Pedro de Montiel). Ganassa habría cobrado por su participación 51000 maravedís (1500 reales). DICAT hace referencia también a que, según los estudios de Sentaurens, el dinero que el Cabildo paga a Ganassa es mucho mayor al que acostumbraba pagar a los autores españoles. –Sentaurens transcribe de los documentos originales los nombres de los autores como: Luys Días, Francisco de Sigura y Montiel. DICAT propone las modernizaciones que usamos también aquí.– El Cabildo también costea el carro de representación para el auto de Ganassa, el cual se describe como “dos medios carros”. Sentaurens da el dato de que se gastó en el carro un total de 45118 maravedís y así lo recoge DICAT. Creemos que es un error pues, el mismo investigador, muestra el desglose de los gastos para el carro que encuentra en el libro de caja y la suma real es de 45028 maravedís (1324,3 reales). ",Sevilla ,1575,Corpus Christi. Representaciones,"Costo total de contratar a Alberto Naselli (Ganassa) para el Corpus Christi: la suma de lo que se paga a él (1500 reales) y lo que cuesta el carro para que realice su representación (1324,35 reales). ","2824, 3 reales",X,X,"Información ubicada en DICAT; DICAT extrae el dato de Sentaurens (1984, pp. 139, 171, 178, 180-181, 190, 198, 217, 1261). Se ha consultado el texto de Sentaures. Sentaurens ofrece la ubicación de los documentos que consulta: AMS (Archivo Municipal de Sevilla), Papeles Importantes, siglo XVI, tomo 3, vol. 44: registros de las deliberaciones de la comisión de Corpus de 1575 (en el original: registre des délibérations de la comission du Corpus de 1575). ",[Doc. 46]
IdI-19,Tra-94,[Doc. 49] Libro de cajas del Cabildo de Sevilla del año 1575.,"Según la lectura de los documentos del Cabildo de Sevilla que realiza Jean Sentaurens y recoge DICAT, este año se premió a Alberto Naselli (Ganassa) con la primera joya de la corona porque sacó el mejor “carro de invención”. El premio fue de 20 ducados (220 reales). ",Sevilla ,1575,Corpus Christi. Joya de la corona,Joya de la corona por el mejor carro del Corpus Christi,220 relaes,X,X,"Información ubicada en DICAT; DICAT extrae el dato de Sentaurens (1984, p. 217). Sentaurens ofrece la ubicación de los documentos que consulta: AMS (Archivo Municipal de Sevilla), II, libro de caja, año 1575. ",[Doc. 49]
IdI-20,Tra-95,[Doc. 50] Libro de cajas del Cabildo de Sevilla del año 1578,El Cabildo registra que en 1578 pagó 32402 maravedís (953 reales) por las “demasías” de los carros para las representaciones a cargo de los autores Pedro de Saldaña y Juan Bautista. ,Sevilla ,1578,Corpus Christi. Escenografía,Parte del costo de los carros,953 relaes,"La ‘demasía’ es un resto de pago, por lo que asumimos que los carros costaron más de esto y que lo demás lo pagaron los mismos comediantes o el Cabildo en una partida que no nos consta. ",X,"Información ubicada en Sentaurens (1984, p. 219). Sentaurens ofrece la ubicación de los documentos que consulta: AMS (Archivo Municipal de Sevilla), II, libro de caja, año 1578. ",[Doc. 50]
IdI-21,Tra-96,[Doc. 50] Libro de cajas del Cabildo de Sevilla del año 1578,"El Cabildo registra que en 1578 pagó 241120 maravedís (7091,76 reales) por los carros de las representaciones a cargo de un autor de comedias designado simplemente por su apellido, Sigüenza, y de “los italianos”, es decir, la compañía de Ganassa. ",Sevilla ,1578,Corpus Christi. Escenografía,Costo del cuerpo de dos o tres carros de representación,"7091,76 reales","Se habla de “la copia” de los carros. Entendemos la palabra ‘copia’ en su sentido de abundancia, conjunto. Sabemos que Ganassa saca dos autos este año, pero no sabemos cuántos saca Sigüenza, por lo que esta noticia puede tratar de tres o de cuatro carros en total. ",X,"Información ubicada en Sentaurens (1984, p. 219). Sentaurens ofrece la ubicación de los documentos que consulta: AMS (Archivo Municipal de Sevilla), II, libro de caja, año 1578. ",[Doc. 50]
IdI-22,Tra-97,[Doc. 50] Libro de cajas del Cabildo de Sevilla del año 1578,El Cabildo registra que en 1578 pagó 12750 maravedís (375 reales) por la pintura de los carros (probablemente dos) para las representaciones a cargo de un autor de comedias designado simplemente por su apellido: Sigüenza –. DICAT no contiene más datos sobre este autor que los que recogemos aquí. ,Sevilla ,1578,Corpus Christi. Escenografía,Costo de la pintura de dos carros,375 reales,X,X,"Información ubicada en Sentaurens (1984, p. 219). Sentaurens ofrece la ubicación de los documentos que consulta: AMS (Archivo Municipal de Sevilla), II, libro de caja, año 1578. ",[Doc. 50]
IdI-23,Tra-98,[Doc. 50] Libro de cajas del Cabildo de Sevilla del año 1578,"El Cabildo registra que en 1578 pagó 15750 maravedís (463,23 reales) por la pintura de los carros para las representaciones de “los italianos”, es decir, la compañía de Ganassa. Sabemos que son dos carros porque este año Ganassa se compromete a realizar dos autos para el Corpus Christi sevillano. ",Sevilla ,1578,Corpus Christi. Escenografía,Costo de la pintura de dos carros,"463,23 reales",X,X,"Información ubicada en Sentaurens (1984, p. 219). Sentaurens ofrece la ubicación de los documentos que consulta: AMS (Archivo Municipal de Sevilla), II, libro de caja, año 1578. ",[Doc. 50]
IdI-24,Tra-99,[Doc. 50] Libro de cajas del Cabildo de Sevilla del año 1578,"El Cabildo registra que en 1578 pagó 27822 maravedís (818,29 reales) a un tal Juan Gómez de Aguirre por sedas para los vestidos. ",Sevilla ,1578,Corpus Christi. Vestuario,Costo de sedas para los vestidos,"818,29 reales","Entendemos que se trata del vestuario de los actores que figurarán en los carros, pues en esta sección de partidas se está hablando de estos. Sin embargo, podría tratarse de sedas para los vestidos de los regidores. ",X,"Información ubicada en Sentaurens (1984, p. 219). Sentaurens ofrece la ubicación de los documentos que consulta: AMS (Archivo Municipal de Sevilla), II, libro de caja, año 1578. ",[Doc. 50]
IdI-25,Tra-100,[Doc. 50] Libro de cajas del Cabildo de Sevilla del año 1578,El Cabildo registra que en 1578 pagó 4216 maravedís (124 reales) a Roque Pérez por 31 onzas de “flueco” de oro. ,Sevilla ,1578,Corpus Christi. Vestuario,31 onzas de “flueco” de oro,124 reales,X,X,"Información ubicada en Sentaurens (1984, p. 219). Sentaurens ofrece la ubicación de los documentos que consulta: AMS (Archivo Municipal de Sevilla), II, libro de caja, año 1578. ",[Doc. 50]
IdI-26,Tra-101,[Doc. 50] Libro de cajas del Cabildo de Sevilla del año 1578,El Cabildo registra que en 1578 pagó 3400 maravedís (100 reales) por la confección de vestidos al sastre Miguel Díaz. ,Sevilla ,1578,Corpus Christi. Vestuario,Costo de la confección de vestidos,100 reales,"Entendemos que se trata del vestuario de los actores que figurarán en los carros, pues en esta sección de partidas se está hablando de estos. Sin embargo, podría tratarse de los vestidos de los regidores. ",X,"Información ubicada en Sentaurens (1984, p. 219). Sentaurens ofrece la ubicación de los documentos que consulta: AMS (Archivo Municipal de Sevilla), II, libro de caja, año 1578. ",[Doc. 50]
IdI-27,Tra-102,[Doc. 50] Libro de cajas del Cabildo de Sevilla del año 1578,"El Cabildo registra que en 1578 pagó 36339 maravedís (1068,79 reales) por los lienzos para forrar los carros de representación. ",Sevilla ,1578,Corpus Christi. Escenografía,Lienzos para forrar los carros de representación,"1068,79 reales",X,X,"Información ubicada en Sentaurens (1984, p. 219). Sentaurens ofrece la ubicación de los documentos que consulta: AMS (Archivo Municipal de Sevilla), II, libro de caja, año 1578. ",[Doc. 50]
IdI-28,Tra-103,[Doc. 50] Libro de cajas del Cabildo de Sevilla del año 1578,"El Cabildo registra que en 1578 pagó 17240 maravedís (507,05 reales) por al cerrajero Matías Rodríguez por el hierro y los herrajes para los carros. ",Sevilla ,1578,Corpus Christi. Escenografía,Hierro y los herrajes para los carros de representaciób,"507,05 reales",X,X,"Información ubicada en Sentaurens (1984, p. 219). Sentaurens ofrece la ubicación de los documentos que consulta: AMS (Archivo Municipal de Sevilla), II, libro de caja, año 1578. ",[Doc. 50]
IdI-29,Tra-104,[Doc. 50] Libro de cajas del Cabildo de Sevilla del año 1578,"El Cabildo registra que en 1578 pagó 5023 maravedís (147,73 reales) al mercader Tomás Martínez por mercancías varias. ",Sevilla ,1578,Corpus Christi. Otros,Mercancías varias,"147,73 reales","Entendemos que se trata de mercancías para los carros, pues en esta sección de partidas se está hablando de estos. Sin embargo, podría tratarse de mercancías varias para la fiesta. ",X,"Información ubicada en Sentaurens (1984, p. 219). Sentaurens ofrece la ubicación de los documentos que consulta: AMS (Archivo Municipal de Sevilla), II, libro de caja, año 1578. ",[Doc. 50]
IdI-30,Tra-105,[Doc. 50] Libro de cajas del Cabildo de Sevilla del año 1578,El Cabildo registra que en 1578 pagó 14960 maravedís (440 reales) a Jerónimo Hernández maravedís por las trazas que dio. ,Sevilla ,1578,Corpus Christi. Escenografía,Trazas para carros u otros elementos espectaculares,440 reales,"Entendemos que se trata del diseño de los carros. Sin embargo, podría referirse a otros diseños también, como el de tarascas, castillos, u otros elementos espectaculares típicos del Corpus Christi. ",X,"Información ubicada en Sentaurens (1984, p. 219). Sentaurens ofrece la ubicación de los documentos que consulta: AMS (Archivo Municipal de Sevilla), II, libro de caja, año 1578. ",[Doc. 50]
IdI-31,Tra-106,[Doc. 50] Libro de cajas del Cabildo de Sevilla del año 1578,El Cabildo registra que en 1578 pagó 8364 maravedís (246 reales) a seis músicos que debían tocar el día del Corpus Christi. ,Sevilla ,1578,Corpus Christi. Música,Pago a seis músicos,246 reales,X,X,"Información ubicada en Sentaurens (1984, p. 219). Sentaurens ofrece la ubicación de los documentos que consulta: AMS (Archivo Municipal de Sevilla), II, libro de caja, año 1578. ",[Doc. 50]
IdI-32,Tra-107,[Doc. 54]  Libro de cajas del Cabildo de Sevilla del año 1583,"Según la lectura de los documentos del Cabildo de Sevilla que realiza Jean Sentaurens y recoge DICAT, este año se premió a Alberto Naselli (Ganassa) con la primera joya de la corona porque sacó el mejor “carro de invención”. El premio fue de 30 ducados (330 reales). ",Sevilla ,1583,Corpus Christi. Joya de la corona,Joya de la corona por el mejor carro del Corpus Christi,330 reales,X,AN3,"Información ubicada en DICAT; DICAT extrae el dato de Sentaurens (1984, p. 217). Sentaurens ofrece la ubicación de los documentos que consulta: AMS (Archivo Municipal de Sevilla), II, libro de caja, año 1583. ",[Doc. 54]
IdI-33,Tra-108,[Doc. 55] Documento sin referencia que contiene información sobre actividad teatral en Sevilla en 1583,"Falconieri, sin especificar la ubicación de los datos, afirma que en 1583 ""obtenido el permiso para actuar dos días de trabajo además de los festivos, Ganassa comenzó sus representaciones en el Corral de Don Juan. Cobraba medio real por entrada de a pie, un real por silla, y un cuarto de real por asiento en un banco”.",Sevilla ,1583,Entradas a los corrales,Entrada al corral de Don Juan para ver una representación de Ganassa de pie,½ de real,X,AN3,"Información ubicada en DICAT; DICAT extrae el dato de Falconieri (1957, p.78). Se ha consultado el texto de Falconieri y no ofrece la referencia documental precisa para los datos en cuestión",[Doc. 55]
IdI-34,Tra-109,[Doc. 55] Documento sin referencia que contiene información sobre actividad teatral en Sevilla en 1583,"Falconieri, sin especificar la ubicación de los datos, afirma que en 1583 ""obtenido el permiso para actuar dos días de trabajo además de los festivos, Ganassa comenzó sus representaciones en el Corral de Don Juan. Cobraba medio real por entrada de a pie, un real por silla, y un cuarto de real por asiento en un banco”.",Sevilla ,1584,Entradas a los corrales,Entrada al corral de Don Juan para ver una representación de Ganassa desde una silla,1 real,X,AN3,"Información ubicada en DICAT; DICAT extrae el dato de Falconieri (1957, p.78). Se ha consultado el texto de Falconieri y no ofrece la referencia documental precisa para los datos en cuestión",[Doc. 55]
IdI-35,Tra-110,[Doc. 55] Documento sin referencia que contiene información sobre actividad teatral en Sevilla en 1583,"Falconieri, sin especificar la ubicación de los datos, afirma que en 1583 ""obtenido el permiso para actuar dos días de trabajo además de los festivos, Ganassa comenzó sus representaciones en el Corral de Don Juan. Cobraba medio real por entrada de a pie, un real por silla, y un cuarto de real por asiento en un banco”.",Sevilla ,1585,Entradas a los corrales,Entrada al corral de Don Juan para ver una representación de Ganassa desde un asiento en un banco,¼ de real,X,AN3,"Información ubicada en DICAT; DICAT extrae el dato de Falconieri (1957, p.78). Se ha consultado el texto de Falconieri y no ofrece la referencia documental precisa para los datos en cuestión",[Doc. 55]
IdI-36,Tra-111,"[Doc. 56] Auto, fechado el 24 de abril de 1584, que trata sobre la manera en la cual se debe hacer la recaudación en las representaciones en los corrales de Madrid. Según registran Davis y Varey, el documento que encuentran es un “auto original proveído por los señores Licenciado Ximénez Ortiz y don Pedro Puertocarrero del Consejo de Su Majestad en virtud de la comisión que les fue cometido por los señores del Consejo”. ","En este auto, entre otras cosas, se dice que antes de esta fecha los actores cobraban en la puerta 12 maravedís a todas las personas que entraban a ver la representación; ahora, se manda que se cobren 4 maravedís más destinados al Hospital General. Es decir, el precio para el espectador pasó a ser 16 maravedís. Por otro lado, se dice que anteriormente se cobraban 12 maravedís a cualquiera que se quisiera ocupar un asiento en los “tablados” del corral. Estos 12 maravedís, desde finales de 1583, se repartían: ½ a la Cofradía de la Pasión, ¼ a la Cofradía de la Soledad y ¼ al Hospital general. Se manda que, en adelante, se cobren 16 maravedís por asiento. Los 4 maravedís adicionales, al inicio se repartieron según la formula vigente desde finales de 1583, pero, según registran también Davis y Varey, a partir de abril de 1585, se reparten: ⅜  a la Pasión, ⅜ a la Soledad y ¼ al Hospital General. Así pues, a partir de 1585, la repartición final de los 16 maravedís que se cobraban por asiento habría sido de: 15/32 para la Pasión, 9/32 para la Soledad y ¼ para el Hospital General. ",Madrid,de 1574 a 1584,Entradas a los corrales,Entrada a los corrales de Madrid para ver una comedia de pie,6/17 de real [12 maravedís] ,Se señala 1574 como fecha inicial pues desde este año las cofradías de la Pasión y la Soledad empiezan a gestionar los corrales de manera conjunta y se realizan los acuerdos para la repartición de las recaudaciones de las comedias en Madrid. ,X,"Información ubicada en Davis y Varey (1997, pp. 17-19, 121-123). Davis y Varey ofrecen la ubicación del docuemento en cuestión: ARCM (Archivo Regional de la Comunidad de Madrid)/FD, 5310/4.",[Doc. 56]
IdI-37,Tra-112,"[Doc. 56] Auto, fechado el 24 de abril de 1584, que trata sobre la manera en la cual se debe hacer la recaudación en las representaciones en los corrales de Madrid. Según registran Davis y Varey, el documento que encuentran es un “auto original proveído por los señores Licenciado Ximénez Ortiz y don Pedro Puertocarrero del Consejo de Su Majestad en virtud de la comisión que les fue cometido por los señores del Consejo”. ","En este auto, entre otras cosas, se dice que antes de esta fecha los actores cobraban en la puerta 12 maravedís a todas las personas que entraban a ver la representación; ahora, se manda que se cobren 4 maravedís más destinados al Hospital General. Es decir, el precio para el espectador pasó a ser 16 maravedís. Por otro lado, se dice que anteriormente se cobraban 12 maravedís a cualquiera que se quisiera ocupar un asiento en los “tablados” del corral. Estos 12 maravedís, desde finales de 1583, se repartían: ½ a la Cofradía de la Pasión, ¼ a la Cofradía de la Soledad y ¼ al Hospital general. Se manda que, en adelante, se cobren 16 maravedís por asiento. Los 4 maravedís adicionales, al inicio se repartieron según la formula vigente desde finales de 1583, pero, según registran también Davis y Varey, a partir de abril de 1585, se reparten: ⅜  a la Pasión, ⅜ a la Soledad y ¼ al Hospital General. Así pues, a partir de 1585, la repartición final de los 16 maravedís que se cobraban por asiento habría sido de: 15/32 para la Pasión, 9/32 para la Soledad y ¼ para el Hospital General. ",Madrid,de 1584 a 1602,Entradas a los corrales,Entrada a los corrales de Madrid para ver una comedia de pie,8/17 de real [16 maravedís] ,"Se señala 1602 como fecha final porque este año, con el traslado de la corte a Valladolid, se cambia el precio oficial de las entradas a los corrales y de los asientos. ",X,"Información ubicada en Davis y Varey (1997, pp. 17-19, 121-123). Davis y Varey ofrecen la ubicación del docuemento en cuestión: ARCM (Archivo Regional de la Comunidad de Madrid)/FD, 5310/4.",[Doc. 56]
IdI-38,Tra-113,"[Doc. 56] Auto, fechado el 24 de abril de 1584, que trata sobre la manera en la cual se debe hacer la recaudación en las representaciones en los corrales de Madrid. Según registran Davis y Varey, el documento que encuentran es un “auto original proveído por los señores Licenciado Ximénez Ortiz y don Pedro Puertocarrero del Consejo de Su Majestad en virtud de la comisión que les fue cometido por los señores del Consejo”. ","En este auto, entre otras cosas, se dice que antes de esta fecha los actores cobraban en la puerta 12 maravedís a todas las personas que entraban a ver la representación; ahora, se manda que se cobren 4 maravedís más destinados al Hospital General. Es decir, el precio para el espectador pasó a ser 16 maravedís. Por otro lado, se dice que anteriormente se cobraban 12 maravedís a cualquiera que se quisiera ocupar un asiento en los “tablados” del corral. Estos 12 maravedís, desde finales de 1583, se repartían: ½ a la Cofradía de la Pasión, ¼ a la Cofradía de la Soledad y ¼ al Hospital general. Se manda que, en adelante, se cobren 16 maravedís por asiento. Los 4 maravedís adicionales, al inicio se repartieron según la formula vigente desde finales de 1583, pero, según registran también Davis y Varey, a partir de abril de 1585, se reparten: ⅜  a la Pasión, ⅜ a la Soledad y ¼ al Hospital General. Así pues, a partir de 1585, la repartición final de los 16 maravedís que se cobraban por asiento habría sido de: 15/32 para la Pasión, 9/32 para la Soledad y ¼ para el Hospital General. ",Madrid,de 1574 a 1584,Entradas a los corrales,Entrada a los corrales de Madrid para ver una comedia desde un asiento,12/17 de real [24 maravedís] ,Se señala 1574 como fecha inicial pues desde este año las cofradías de la Pasión y la Soledad empiezan a gestionar los corrales de manera conjunta y se realizan los acuerdos para la repartición de las recaudaciones de las comedias en Madrid. ,X,"Información ubicada en Davis y Varey (1997, pp. 17-19, 121-123). Davis y Varey ofrecen la ubicación del docuemento en cuestión: ARCM (Archivo Regional de la Comunidad de Madrid)/FD, 5310/4.",[Doc. 56]
IdI-39,Tra-114,"[Doc. 56] Auto, fechado el 24 de abril de 1584, que trata sobre la manera en la cual se debe hacer la recaudación en las representaciones en los corrales de Madrid. Según registran Davis y Varey, el documento que encuentran es un “auto original proveído por los señores Licenciado Ximénez Ortiz y don Pedro Puertocarrero del Consejo de Su Majestad en virtud de la comisión que les fue cometido por los señores del Consejo”. ","En este auto, entre otras cosas, se dice que antes de esta fecha los actores cobraban en la puerta 12 maravedís a todas las personas que entraban a ver la representación; ahora, se manda que se cobren 4 maravedís más destinados al Hospital General. Es decir, el precio para el espectador pasó a ser 16 maravedís. Por otro lado, se dice que anteriormente se cobraban 12 maravedís a cualquiera que se quisiera ocupar un asiento en los “tablados” del corral. Estos 12 maravedís, desde finales de 1583, se repartían: ½ a la Cofradía de la Pasión, ¼ a la Cofradía de la Soledad y ¼ al Hospital general. Se manda que, en adelante, se cobren 16 maravedís por asiento. Los 4 maravedís adicionales, al inicio se repartieron según la formula vigente desde finales de 1583, pero, según registran también Davis y Varey, a partir de abril de 1585, se reparten: ⅜  a la Pasión, ⅜ a la Soledad y ¼ al Hospital General. Así pues, a partir de 1585, la repartición final de los 16 maravedís que se cobraban por asiento habría sido de: 15/32 para la Pasión, 9/32 para la Soledad y ¼ para el Hospital General. ",Madrid,de 1584 a 1602,Entradas a los corrales,Entrada a los corrales de Madrid para ver una comedia desde un asiento,16/17 de real [32 maravedís] ,"Se señala 1602 como fecha final porque este año, con el traslado de la corte a Valladolid, se cambia el precio oficial de las entradas a los corrales y de los asientos. ",X,"Información ubicada en Davis y Varey (1997, pp. 17-19, 121-123). Davis y Varey ofrecen la ubicación del docuemento en cuestión: ARCM (Archivo Regional de la Comunidad de Madrid)/FD, 5310/4.",[Doc. 56]
IdI-40,Tra-115,[Doc. 57] Acuerdo entre el Teniente de Corregidor de Madrid y los Hospitales de la ciudad realizado en 10 de abril de 1602.,"Según Davis y Varey “El 10 de abril de 1602 el Teniente de Corregidor de Madrid acordó con los Hospitales una reducción del precio del asiento a ocho maravedís y del cuarto adicional del Hospital General a dos maravedís”. Anteriormente, el precio de la entrada a los corrales para ver una comedia a pie era de 16 maravedís (12 para los comediantes y 4 para el Hospital General). Si uno deseaba sentarse, el precio del asiento era de 16 maravedís.  Por ende, ahora, el precio de una entrada para ver la comedia de pie sería de 14 maravedís. que, sumados a un asiento (ahora a 8 maravedís) llegarían a 22 maravedís.  ",Madrid,de 1602 a 1606,Entradas a los corrales,Entrada a los corrales de Madrid para ver una comedia de pie,7/17 de real [14 maravedís],Se señala 1606 como fecha límite porque este año la corte regresa a Madrid y los precios cambian nuevamente,X,"Información ubicada en Davis y Varey (1997, pp. 18-19). Davis y Varey no ofrecen la ubicación documental precisa de esta información, pero trabajan con la documentación sobre las cuentas de los corrales del ARCM. (Archivo Regional de la Comunidad de Madrid). ",[Doc. 57]
IdI-41,Tra-116,[Doc. 57] Acuerdo entre el Teniente de Corregidor de Madrid y los Hospitales de la ciudad realizado en 10 de abril de 1602.,"Según Davis y Varey “El 10 de abril de 1602 el Teniente de Corregidor de Madrid acordó con los Hospitales una reducción del precio del asiento a ocho maravedís y del cuarto adicional del Hospital General a dos maravedís”. Anteriormente, el precio de la entrada a los corrales para ver una comedia a pie era de 16 maravedís (12 para los comediantes y 4 para el Hospital General). Si uno deseaba sentarse, el precio del asiento era de 16 maravedís.  Por ende, ahora, el precio de una entrada para ver la comedia de pie sería de 14 maravedís. que, sumados a un asiento (ahora a 8 maravedís) llegarían a 22 maravedís.  ",Madrid,de 1602 a 1606,Entradas a los corrales,Entrada a los corrales de Madrid para ver una comedia desde un asiento,11/17 de real [22 maravedís],Se señala 1606 como fecha límite porque este año la corte regresa a Madrid y los precios cambian nuevamente,X,"Información ubicada en Davis y Varey (1997, pp. 18-19). Davis y Varey no ofrecen la ubicación documental precisa de esta información, pero trabajan con la documentación sobre las cuentas de los corrales del ARCM. (Archivo Regional de la Comunidad de Madrid). ",[Doc. 57]
IdI-42,Tra-117,[Doc. 58] Orden del Corregidor de Madrid sobre el precio de las entradas a los corrales dada el 21 de marzo de 1606.,"Según Davis y Varey “Cuando la Corte volvió a Madrid en 1606 el Corregidor mandó el 21 de marzo que se reestablecieran el precio anterior del asiento, 16 maravedís, y el cuarto del Hospital General”. ",Madrid,de 1606 (marzo) a 1606 (julio),Entradas a los corrales,Entrada a los corrales de Madrid para ver una comedia de pie,8/17 de real [16 maravedís] ,X,X,"Información ubicada en Davis y Varey (1997, p. 20). Davis y Varey extraen el dato de Casiano Pellicer: Tratado histórico sobre el origen y progresos de la comedia y del histrionismo en España, tomo I, Madrid, Imprenta de la Administración del Real Arbitrio de Beneficencia, 1804, pp. 87-88. ",[Doc. 58]
IdI-43,Tra-118,[Doc. 58] Orden del Corregidor de Madrid sobre el precio de las entradas a los corrales dada el 21 de marzo de 1606.,"Según Davis y Varey “Cuando la Corte volvió a Madrid en 1606 el Corregidor mandó el 21 de marzo que se reestablecieran el precio anterior del asiento, 16 maravedís, y el cuarto del Hospital General”. ",Madrid,de 1606 (marzo) a 1606 (julio),Entradas a los corrales,Entrada a los corrales de Madrid para ver una comedia desde un asiento,16/17 de real [32 maravedís] ,X,X,"Información ubicada en Davis y Varey (1997, p. 20). Davis y Varey extraen el dato de Casiano Pellicer: Tratado histórico sobre el origen y progresos de la comedia y del histrionismo en España, tomo I, Madrid, Imprenta de la Administración del Real Arbitrio de Beneficencia, 1804, pp. 87-88. ",[Doc. 58]
IdI-44,Tra-119,[Doc. 59] Orden del Consejo de Castilla sobre el precio que deben tener las entradas a los corrales de Madrid a partir de julio de 1606,"Según Davis y Varey “Poco después [del regreso de la Corte a Madrid], se extendieron los beneficios del comercio teatral a otros dos Hospitales, el de la Corte (llamado también Hospital del Buen Suceso) y el de Antón Martín (o de San Juan de Dios), con el pago de otro cuarto adicional en la puerta. El consejo mandó que, a partir de julio de 1606, ‘de lo que daba cada persona de los que entraban a oír las comedias en los corrales de esta villa se repartiesen entre los dichos dos Hospitales cuatro maravedís, dando dos maravedís a cada uno’”. ",Madrid,de 1606 (julio) a 1608 (octubre),Entradas a los corrales,Entrada a los corrales de Madrid para ver una comedia de pie,10/17 de real [20 maravedís],X,X,"Información ubicada en Davis y Varey (1997, p. 20). Davis y Varey citan el libro de Varey y Norman Shergold: Teatros y comedias en Madrid: 1600-1650. Estudio y documentos, Londres, Tamesis Books, Fuentes para la Historia del Teatro en España III, 1971. Se trataría del documento referido en dicho libro como 34[c] en la página 85.  ",[Doc. 59]
IdI-45,Tra-120,[Doc. 59] Orden del Consejo de Castilla sobre el precio que deben tener las entradas a los corrales de Madrid a partir de julio de 1606,"Según Davis y Varey “Poco después [del regreso de la Corte a Madrid], se extendieron los beneficios del comercio teatral a otros dos Hospitales, el de la Corte (llamado también Hospital del Buen Suceso) y el de Antón Martín (o de San Juan de Dios), con el pago de otro cuarto adicional en la puerta. El consejo mandó que, a partir de julio de 1606, ‘de lo que daba cada persona de los que entraban a oír las comedias en los corrales de esta villa se repartiesen entre los dichos dos Hospitales cuatro maravedís, dando dos maravedís a cada uno’”. ",Madrid,de 1606 (julio) a 1608 (octubre),Entradas a los corrales,Entrada a los corrales de Madrid para ver una comedia desde un asiento,1 real y 1/17 de real [36 maravedís],X,X,"Información ubicada en Davis y Varey (1997, p. 20). Davis y Varey citan el libro de Varey y Norman Shergold: Teatros y comedias en Madrid: 1600-1650. Estudio y documentos, Londres, Tamesis Books, Fuentes para la Historia del Teatro en España III, 1971. Se trataría del documento referido en dicho libro como 34[c] en la página 85.  ",[Doc. 59]
IdI-46,Tra-121,[Doc. 60] Real provisión del 21 de octubre de 1608 sobre un cuarto adicional que se tendría que cobrar en los corrales de Madrid para costear una vivienda en el real palacio para la reina Margarita de Austria. ,"Según Davis y Varey “de acuerdo con una Real provisión del 21 de octubre de 1608, se empezó a cobrar otro cuarto adicional de cada persona, para costear una vivienda en el real palacio para la reina Margarita de Austria”. Hasta esta fecha se estaba cobrando a la entrada de los corrales 12 maravedís para los comediantes, 4 para el Hospital General y 4 para los hospitales del Buen Suceso y de San Juan de Dios. Es decir, se cobraba 20 maravedís la entrada para ver la comedia de pie. Esto ahora subiría a 24 maravedís. No cambia el precio del asiento, el cual en estas fechas estaba en 16 maravedís. ",Madrid,de 1608 (octubre) a 1615,Entradas a los corrales,Entrada a los corrales de Madrid para ver una comedia de pie,12/17 de real [24 maravedís],Se señala 1615 como fecha límite pues en este año cambia el sistema de gestión de los corrales. ,X,"Información ubicada en Davis y Varey (1997, p. 20). Davis y Varey citan el libro de Varey y Norman Shergold (compuesto con la colaboración de Davis): Los arriendos de los corrales de comedias de Madrid: 1587-1719. Estudio y documentos, Londres, Tamesis Books, Fuentes para la Historia del Teatro en España XIII, 1987. El documento se encontraría en la página 16, número 9. ",[Doc. 60]
IdI-47,Tra-122,[Doc. 60] Real provisión del 21 de octubre de 1608 sobre un cuarto adicional que se tendría que cobrar en los corrales de Madrid para costear una vivienda en el real palacio para la reina Margarita de Austria. ,"Según Davis y Varey “de acuerdo con una Real provisión del 21 de octubre de 1608, se empezó a cobrar otro cuarto adicional de cada persona, para costear una vivienda en el real palacio para la reina Margarita de Austria”. Hasta esta fecha se estaba cobrando a la entrada de los corrales 12 maravedís para los comediantes, 4 para el Hospital General y 4 para los hospitales del Buen Suceso y de San Juan de Dios. Es decir, se cobraba 20 maravedís la entrada para ver la comedia de pie. Esto ahora subiría a 24 maravedís. No cambia el precio del asiento, el cual en estas fechas estaba en 16 maravedís. ",Madrid,de 1608 (octubre) a 1616,Entradas a los corrales,Entrada a los corrales de Madrid para ver una comedia desde un asiento,1 real y 3/17 de real [40 maravedís],Se señala 1615 como fecha límite pues en este año cambia el sistema de gestión de los corrales. ,X,"Información ubicada en Davis y Varey (1997, p. 20). Davis y Varey citan el libro de Varey y Norman Shergold (compuesto con la colaboración de Davis): Los arriendos de los corrales de comedias de Madrid: 1587-1719. Estudio y documentos, Londres, Tamesis Books, Fuentes para la Historia del Teatro en España XIII, 1987. El documento se encontraría en la página 16, número 9. ",[Doc. 60]
IdI-48,Tra-123,[Doc. 61] Documentación sobre el precio del uso de los corrales de Madrid para representar en 1568,"Según Davis y Varey “cuando [Jerónimo] Velázquez empieza una serie de representaciones en el corral del Hospital de la Pasión en mayo de 1568, consta que ‘ha de dar seis reales cada día de los que representara”.",Madrid,1568,Uso de los corrales,Uso de corrales para representar,6 reales,X,X,"Información ubicada en Davis y Varey (1997, pp. 32 y 351). Davis y Varey extraen el dato de Casiano Pellicer: Tratado histórico sobre el origen y progresos de la comedia y del histrionismo en España, tomo I, Madrid, Imprenta de la Administración del Real Arbitrio de Beneficencia, 1804, pp. 48-49. Se trataría de un documento hoy perdido. Davis y Varey copian una nota de Pellicer: “esta noticia se lee en la hoja penúltima del libro original que se custodia en la Contaduría de los Reales Hospitales, y que en el lomo tiene este título: Libro de las Demandas que se hacen en la cofradía de la Sagrada Pasión desde 5. de Octubre de 1567. hasta 2. de Febrero de 1582”. ",[Doc. 61]
IdI-49,Tra-124,[Doc. 62] Documentación sobre el precio del uso de los corrales de Madrid para representar de la década de 1570  a 1602.,Según Davis y Varey los comediantes para 1579 pagaban diez reales a las cofradías de Madrid por cada representación que hacían en sus corrales. ,Madrid,de la década de 1570  a 1602,Uso de los corrales,Uso de corrales para representar,10 reales,"Se señala 1602 como fecha final porque este año, con el traslado de la corte a Valladolid, se cambia el precio que deben pagar los comediantes para representar en los corrales",X,"Información ubicada en Davis y Varey (1997, p. 32). David y Varey hacen referencia a su “Lista cronológica de representaciones en los corrales de comedias: 1579-1587”. Este documento, de cuya edición se ocupan, es el “Libro registro de los productos de comedias”. Producto de comedias para el Hospital de la Pasión del 30 de mayo de 1579 hasta el 27 de febrero de 1587. La ubicación del documento es, según señalan los mismos estudiosos: ARCM (Archivo Regional de la Comunidad de Madrid)/FD, 5084/2 [antes 34-E]. ",[Doc. 62]
IdI-50,Tra-125,[Doc. 63] Documentación sobre el precio del uso de los corrales de Madrid para representar de la década de 1602 a 1608.,"Según Davis y Varey, en 1602, por el traslado de la corte a Valladolid, los comediantes pasaron de pagar diez reales a las cofradías de Madrid por cada representación que hacían en sus corrales a pagar solo cinco reales. ",Madrid,de 1602 a 1608,Uso de los corrales,Uso de corrales para representar,5 reales ,X,X,"Información ubicada en Davis y Varey (1997, p. 32). David y Varey citan el libro de Cristóbal Pérez Pastor: Nuevos datos acerca del histrionismo español en los siglos XVI y XVII. Primera Serie, Madrid, Imprenta de la Revista Española, 1901, p. 74. ",[Doc. 63]
IdI-51,Tra-126,[Doc. 64] Documentación sobre el precio del uso de los corrales de Madrid para representar en 1608.,"Según Davis y Varey, en 1608, cuando la corte regresa de Valladolid a Madrid, los comediantes pasaron de pagar cinco reales a las cofradías de Madrid por cada representación que hacían en sus corrales a pagar seis reales. Apartemente, no habrían nunca vuelto al precio de diez reales por representación característicos de las décadas de 1580 y 1590. ",Madrid,1608,Uso de los corrales,Uso de corrales para representar,6 reales,X,X,"Información ubicada en Davis y Varey (1997, p. 32). Davis y Varey citan el libro de Varey y Norman Shergold: Teatros y comedias en Madrid: 1600-1650. Estudio y documentos, Londres, Tamesis Books, Fuentes para la Historia del Teatro en España III, 1971. Se trataría del documento referido en dicho libro como 2 en la página 50.  ",[Doc. 64]
IdI-52,Tra-127,[Doc. 65] Referencia al costo del agua en los corrales en la obra de teatro Comedia de los náufragos de Leopoldo,"Davis y Varey hacen referencia a un artículo de Jean Canavaggio en el cual este estudioso recuerda que, en la Comedia de los náufragos de Leopoldo, cuando se describe la actividad en los corrales de comedias, se dice que el agua costaba dos maravedís: “dos maravedís para agua y anís”. La referencia sería de 1594. Davis y Varey creen que puede tratarse de Madrid, pero no es seguro. ",¿Madrid?,1594,Venta de bebidas en los corrales,Agua con anís y especias,2 maravedís ,X,X,"Información ubicada en Davis y Varey (1997, p. 32). Davis y Varey citan el artículo de Jean Canavaggio: “Teatro y comediantes en el Siglo de Oro: algunos datos inéditos”, Segismundo, 23-24 [XII, 1-2], 1976, 27-50, p. 50.  ",[Doc. 65]
